1,"2235  - 2269  CENTURY BLVD , Los Angeles, CA, 90002",No_Match,,,,,
2,"22860  - 22860  COLLINS ST , Los Angeles, CA, 91367",Match,Non_Exact,"22860 COLLINS ST, WOODLAND HILLS, CA, 91367","-118.62542,34.17373",141816635,L
3,"22940  - 22940  HATTERAS ST , Los Angeles, CA, 91367",Match,Non_Exact,"22940 HATTERAS ST, WOODLAND HILLS, CA, 91367","-118.62672,34.17554",142815814,L
4,"7950  - 7950  STATEN DR , Los Angeles, CA, 91335",No_Match,,,,,
5,"7949  - 7949  STATEN DR , Los Angeles, CA, 91335",No_Match,,,,,
6,"7942  - 7942  STATEN DR , Los Angeles, CA, 91335",No_Match,,,,,
7,"20463  - 20463  ELKWOOD ST , Los Angeles, CA, 91306",Match,Non_Exact,"20463 ELKWOOD ST, CANOGA PARK, CA, 91306","-118.57846,34.212353",141540405,R
8,"20468  - 20468  ELKWOOD ST , Los Angeles, CA, 91306",Match,Non_Exact,"20468 ELKWOOD ST, CANOGA PARK, CA, 91306","-118.578766,34.21234",141540405,L
9,"7406  - 7406  VASSAR AVE , Los Angeles, CA, 91303",Match,Non_Exact,"7406 VASSAR AVE, CANOGA PARK, CA, 91303","-118.6044,34.20489",141533205,R
10,"6100  - 6100  ZOHAR DR , Los Angeles, CA, 91335",No_Match,,,,,
11,"6118  - 6118  ZOHAR DR , Los Angeles, CA, 91335",No_Match,,,,,
12,"6106  - 6106  ZOHAR DR , Los Angeles, CA, 91335",No_Match,,,,,
13,"6112  - 6112  ZOHAR DR , Los Angeles, CA, 91335",No_Match,,,,,
14,"21021  - 21021  ERWIN ST , Los Angeles, CA, 91367",Match,Non_Exact,"21021 ERWIN ST, WOODLAND HILLS, CA, 91367","-118.590935,34.1828",141535389,R
15,"21021  - 21021  ERWIN ST , Los Angeles, CA, 91367",Match,Non_Exact,"21021 ERWIN ST, WOODLAND HILLS, CA, 91367","-118.590935,34.1828",141535389,R
16,"18063  - 18063  VALLEY VISTA BLVD , Los Angeles, CA, 91316",Match,Non_Exact,"18063 VALLEY VISTA BLVD, VAN NUYS, CA, 91316","-118.52654,34.158356",141555926,R
17,"7605  - 7605  LOUISE AVE , Los Angeles, CA, 91406",No_Match,,,,,
18,"17141  - 17141  BURTON ST , Los Angeles, CA, 91406",Match,Non_Exact,"17141 BURTON ST, LAKE BALBOA, CA, 91406","-118.506065,34.220215",141544170,R
19,"17147  - 17147  BURTON ST , Los Angeles, CA, 91406",Match,Non_Exact,"17147 BURTON ST, LAKE BALBOA, CA, 91406","-118.50612,34.220215",141544170,R
20,"17150  - 17150  ROSCOE BLVD , Los Angeles, CA, 91406",No_Match,,,,,
21,"14719 1/2 - 14719 1/2 SHERMAN WAY , Los Angeles, CA, 91405",Match,Non_Exact,"14601 SHERMAN WAY, VAN NUYS, CA, 91405","-118.45091,34.2012",142683655,R
22,"7613  - 7613  PATRIOT WAY , Los Angeles, CA, 91405",No_Match,,,,,
23,"6814  - 6814  LENNOX AVE , Los Angeles, CA, 91405",Match,Non_Exact,"6814 LENNOX AVE, VAN NUYS, CA, 91405","-118.44544,34.19441",640425962,R
24,"6822  - 6822  LENNOX AVE , Los Angeles, CA, 91405",Match,Non_Exact,"6822 LENNOX AVE, VAN NUYS, CA, 91405","-118.44544,34.194542",640425962,R
25,"6810  - 6810  LENNOX AVE , Los Angeles, CA, 91405",Match,Non_Exact,"6810 LENNOX AVE, VAN NUYS, CA, 91405","-118.44544,34.194344",640425962,R
26,"6818  - 6818  LENNOX AVE , Los Angeles, CA, 91405",Match,Non_Exact,"6818 LENNOX AVE, VAN NUYS, CA, 91405","-118.44544,34.194477",640425962,R
27,"14121  - 14121  OAK LANE , Los Angeles, CA, 91405",No_Match,,,,,
28,"14115  - 14115  OAK LANE , Los Angeles, CA, 91405",No_Match,,,,,
29,"7217  - 7217  CHESTNUT LANE , Los Angeles, CA, 91405",No_Match,,,,,
30,"14123  - 14123  OAK LANE , Los Angeles, CA, 91405",No_Match,,,,,
31,"7213  - 7213  CHESTNUT LANE , Los Angeles, CA, 91405",No_Match,,,,,
32,"7216  - 7216  CHESTNUT LANE , Los Angeles, CA, 91405",No_Match,,,,,
33,"7211  - 7211  CHESTNUT LANE , Los Angeles, CA, 91405",No_Match,,,,,
34,"7212  - 7212  CHESTNUT LANE , Los Angeles, CA, 91405",No_Match,,,,,
35,"14119  - 14119  OAK LANE , Los Angeles, CA, 91405",No_Match,,,,,
36,"14117  - 14117  OAK LANE , Los Angeles, CA, 91405",No_Match,,,,,
37,"7209  - 7209  CHESTNUT LANE , Los Angeles, CA, 91405",No_Match,,,,,
38,"7201  - 7201  CHESTNUT LANE , Los Angeles, CA, 91405",No_Match,,,,,
39,"7207  - 7207  CHESTNUT LANE , Los Angeles, CA, 91405",No_Match,,,,,
40,"7208  - 7208  CHESTNUT LANE , Los Angeles, CA, 91405",No_Match,,,,,
41,"7200  - 7200  CHESTNUT LANE , Los Angeles, CA, 91405",No_Match,,,,,
42,"7203  - 7203  CHESTNUT LANE , Los Angeles, CA, 91405",No_Match,,,,,
43,"7206  - 7206  CHESTNUT LANE , Los Angeles, CA, 91405",No_Match,,,,,
44,"7215  - 7215  CHESTNUT LANE , Los Angeles, CA, 91405",No_Match,,,,,
45,"7205  - 7205  CHESTNUT LANE , Los Angeles, CA, 91405",No_Match,,,,,
46,"7214  - 7214  CHESTNUT LANE , Los Angeles, CA, 91405",No_Match,,,,,
47,"7204  - 7204  CHESTNUT LANE , Los Angeles, CA, 91405",No_Match,,,,,
48,"7202  - 7202  CHESTNUT LANE , Los Angeles, CA, 91405",No_Match,,,,,
49,"14110  - 14110  CHAPPAREL LANE , Los Angeles, CA, 91405",No_Match,,,,,
50,"14114  - 14114  OAK LANE , Los Angeles, CA, 91405",No_Match,,,,,
51,"14120  - 14120  OAK LANE , Los Angeles, CA, 91405",No_Match,,,,,
52,"14116  - 14116  OAK LANE , Los Angeles, CA, 91405",No_Match,,,,,
53,"14122  - 14122  OAK LANE , Los Angeles, CA, 91405",No_Match,,,,,
54,"14124  - 14124  PINE LANE , Los Angeles, CA, 91405",No_Match,,,,,
55,"14124  - 14124  OAK LANE , Los Angeles, CA, 91405",No_Match,,,,,
56,"14122  - 14122  PINE LANE , Los Angeles, CA, 91405",No_Match,,,,,
57,"14114  - 14114  PINE LANE , Los Angeles, CA, 91405",No_Match,,,,,
58,"14102  - 14102  CHAPPAREL LANE , Los Angeles, CA, 91405",No_Match,,,,,
59,"14116  - 14116  PINE LANE , Los Angeles, CA, 91405",No_Match,,,,,
60,"14126  - 14126  PINE LANE , Los Angeles, CA, 91405",No_Match,,,,,
61,"14126  - 14126  OAK LANE , Los Angeles, CA, 91405",No_Match,,,,,
62,"14106  - 14106  CHAPPAREL LANE , Los Angeles, CA, 91405",No_Match,,,,,
63,"14120  - 14120  PINE LANE , Los Angeles, CA, 91405",No_Match,,,,,
64,"14100  - 14100  CHAPPAREL LANE , Los Angeles, CA, 91405",No_Match,,,,,
65,"14118  - 14118  OAK LANE , Los Angeles, CA, 91405",No_Match,,,,,
66,"14118  - 14118  PINE LANE , Los Angeles, CA, 91405",No_Match,,,,,
67,"14104  - 14104  CHAPPAREL LANE , Los Angeles, CA, 91405",No_Match,,,,,
68,"14108  - 14108  CHAPPAREL LANE , Los Angeles, CA, 91405",No_Match,,,,,
69,"6922  - 6922  BALBOA BLVD , Los Angeles, CA, 91406",Match,Non_Exact,"6922 BALBOA BLVD, LAKE BALBOA, CA, 91406","-118.501114,34.196224",640425964,R
70,"6922  - 6922  BALBOA BLVD , Los Angeles, CA, 91406",Match,Non_Exact,"6922 BALBOA BLVD, LAKE BALBOA, CA, 91406","-118.501114,34.196224",640425964,R
71,"6922  - 6922  BALBOA BLVD , Los Angeles, CA, 91406",Match,Non_Exact,"6922 BALBOA BLVD, LAKE BALBOA, CA, 91406","-118.501114,34.196224",640425964,R
72,"6922  - 6922  BALBOA BLVD , Los Angeles, CA, 91406",Match,Non_Exact,"6922 BALBOA BLVD, LAKE BALBOA, CA, 91406","-118.501114,34.196224",640425964,R
73,"6922  - 6922  BALBOA BLVD , Los Angeles, CA, 91406",Match,Non_Exact,"6922 BALBOA BLVD, LAKE BALBOA, CA, 91406","-118.501114,34.196224",640425964,R
74,"6922  - 6922  BALBOA BLVD , Los Angeles, CA, 91406",Match,Non_Exact,"6922 BALBOA BLVD, LAKE BALBOA, CA, 91406","-118.501114,34.196224",640425964,R
75,"6922  - 6922  BALBOA BLVD , Los Angeles, CA, 91406",Match,Non_Exact,"6922 BALBOA BLVD, LAKE BALBOA, CA, 91406","-118.501114,34.196224",640425964,R
76,"6922  - 6922  BALBOA BLVD , Los Angeles, CA, 91406",Match,Non_Exact,"6922 BALBOA BLVD, LAKE BALBOA, CA, 91406","-118.501114,34.196224",640425964,R
77,"6922  - 6922  BALBOA BLVD , Los Angeles, CA, 91406",Match,Non_Exact,"6922 BALBOA BLVD, LAKE BALBOA, CA, 91406","-118.501114,34.196224",640425964,R
78,"6922  - 6922  BALBOA BLVD , Los Angeles, CA, 91406",Match,Non_Exact,"6922 BALBOA BLVD, LAKE BALBOA, CA, 91406","-118.501114,34.196224",640425964,R
79,"14055  - 14055  ARCHWOOD ST , Los Angeles, CA, 91405",Match,Non_Exact,"14055 ARCHWOOD ST, VAN NUYS, CA, 91405","-118.43934,34.192947",141561036,R
80,"13923  - 13923  GILMORE ST , Los Angeles, CA, 91401",Match,Non_Exact,"13923 GILMORE ST, VAN NUYS, CA, 91401","-118.4362,34.18759",141561308,R
81,"6222  - 6222  KESTER AVE , Los Angeles, CA, 91411",Match,Non_Exact,"6222 KESTER AVE, VAN NUYS, CA, 91411","-118.457436,34.18333",141560329,R
82,"14402  - 14402  CALIFA ST , Los Angeles, CA, 91401",Match,Non_Exact,"14402 CALIFA ST, VAN NUYS, CA, 91401","-118.44673,34.177555",141561121,L
83,"5672  - 5672  HAZELTINE AVE , Los Angeles, CA, 91401",Match,Non_Exact,"5672 HAZELTINE AVE, VAN NUYS, CA, 91401","-118.439964,34.173386",141561549,R
84,"5646  - 5646  HAZELTINE AVE , Los Angeles, CA, 91401",Match,Non_Exact,"5646 HAZELTINE AVE, VAN NUYS, CA, 91401","-118.439964,34.17298",141561549,R
85,"5676  - 5676  HAZELTINE AVE , Los Angeles, CA, 91401",Match,Non_Exact,"5676 HAZELTINE AVE, VAN NUYS, CA, 91401","-118.439964,34.17345",141561549,R
86,"5668  - 5668  HAZELTINE AVE , Los Angeles, CA, 91401",Match,Non_Exact,"5668 HAZELTINE AVE, VAN NUYS, CA, 91401","-118.439964,34.173325",141561549,R
87,"5664  - 5664  HAZELTINE AVE , Los Angeles, CA, 91401",Match,Non_Exact,"5664 HAZELTINE AVE, VAN NUYS, CA, 91401","-118.439964,34.173264",141561549,R
88,"5644  - 5644  HAZELTINE AVE , Los Angeles, CA, 91401",Match,Non_Exact,"5644 HAZELTINE AVE, VAN NUYS, CA, 91401","-118.439964,34.17295",141561549,R
89,"5662  - 5662  HAZELTINE AVE , Los Angeles, CA, 91401",Match,Non_Exact,"5662 HAZELTINE AVE, VAN NUYS, CA, 91401","-118.439964,34.173233",141561549,R
90,"5650  - 5650  HAZELTINE AVE , Los Angeles, CA, 91401",Match,Non_Exact,"5650 HAZELTINE AVE, VAN NUYS, CA, 91401","-118.439964,34.173046",141561549,R
91,"14058  - 14058  COLLINS ST , Los Angeles, CA, 91401",Match,Non_Exact,"14058 COLLINS ST, VAN NUYS, CA, 91401","-118.439735,34.17393",141561548,L
92,"5674  - 5674  HAZELTINE AVE , Los Angeles, CA, 91401",Match,Non_Exact,"5674 HAZELTINE AVE, VAN NUYS, CA, 91401","-118.439964,34.173416",141561549,R
93,"5648  - 5648  HAZELTINE AVE , Los Angeles, CA, 91401",Match,Non_Exact,"5648 HAZELTINE AVE, VAN NUYS, CA, 91401","-118.439964,34.173016",141561549,R
94,"5666  - 5666  HAZELTINE AVE , Los Angeles, CA, 91401",Match,Non_Exact,"5666 HAZELTINE AVE, VAN NUYS, CA, 91401","-118.439964,34.173294",141561549,R
95,"5654  - 5654  HAZELTINE AVE , Los Angeles, CA, 91401",Match,Non_Exact,"5654 HAZELTINE AVE, VAN NUYS, CA, 91401","-118.439964,34.173107",141561549,R
96,"5638  - 5638  HAZELTINE AVE , Los Angeles, CA, 91401",Match,Non_Exact,"5638 HAZELTINE AVE, VAN NUYS, CA, 91401","-118.439964,34.17286",141561549,R
97,"5660  - 5660  HAZELTINE AVE , Los Angeles, CA, 91401",Match,Non_Exact,"5660 HAZELTINE AVE, VAN NUYS, CA, 91401","-118.439964,34.1732",141561549,R
98,"5682  - 5682  HAZELTINE AVE , Los Angeles, CA, 91401",Match,Non_Exact,"5682 HAZELTINE AVE, VAN NUYS, CA, 91401","-118.439964,34.173542",141561549,R
99,"5632  - 5632  HAZELTINE AVE , Los Angeles, CA, 91401",Match,Non_Exact,"5632 HAZELTINE AVE, VAN NUYS, CA, 91401","-118.439964,34.172764",141561549,R
100,"5652  - 5652  HAZELTINE AVE , Los Angeles, CA, 91401",Match,Non_Exact,"5652 HAZELTINE AVE, VAN NUYS, CA, 91401","-118.439964,34.173077",141561549,R
101,"5670  - 5670  HAZELTINE AVE , Los Angeles, CA, 91401",Match,Non_Exact,"5670 HAZELTINE AVE, VAN NUYS, CA, 91401","-118.439964,34.173355",141561549,R
102,"5634  - 5634  HAZELTINE AVE , Los Angeles, CA, 91401",Match,Non_Exact,"5634 HAZELTINE AVE, VAN NUYS, CA, 91401","-118.439964,34.172794",141561549,R
103,"5636  - 5636  HAZELTINE AVE , Los Angeles, CA, 91401",Match,Non_Exact,"5636 HAZELTINE AVE, VAN NUYS, CA, 91401","-118.439964,34.17283",141561549,R
104,"5658  - 5658  HAZELTINE AVE , Los Angeles, CA, 91401",Match,Non_Exact,"5658 HAZELTINE AVE, VAN NUYS, CA, 91401","-118.439964,34.17317",141561549,R
105,"5656  - 5656  HAZELTINE AVE , Los Angeles, CA, 91401",Match,Non_Exact,"5656 HAZELTINE AVE, VAN NUYS, CA, 91401","-118.439964,34.173138",141561549,R
106,"13950  - 13950  MCCORMICK ST , Los Angeles, CA, 91423",Match,Non_Exact,"13950 MCCORMICK ST, VAN NUYS, CA, 91423","-118.43772,34.165638",141824961,R
107,"4859  - 4859  KATHERINE AVE , Los Angeles, CA, 91423",Match,Non_Exact,"4859 KATHERINE AVE, VAN NUYS, CA, 91423","-118.443245,34.158653",141561672,L
108,"14625  - 14625  MAGNOLIA BLVD , Los Angeles, CA, 91403",Match,Non_Exact,"14625 MAGNOLIA BLVD, VAN NUYS, CA, 91403","-118.45158,34.16486",141560789,R
109,"4960  - 4960  SEPULVEDA BLVD , Los Angeles, CA, 91403",Match,Non_Exact,"4960 SEPULVEDA BLVD, VAN NUYS, CA, 91403","-118.46615,34.160778",241252900,R
110,"15012  - 15012  MOORPARK ST , Los Angeles, CA, 91403",Match,Non_Exact,"15012 MOORPARK ST, VAN NUYS, CA, 91403","-118.46004,34.1537",141560859,L
111,"4707  - 4707  CEDROS AVE , Los Angeles, CA, 91403",Match,Non_Exact,"4707 CEDROS AVE, VAN NUYS, CA, 91403","-118.453064,34.15632",141560912,L
112,"4528  - 4528  GAVIOTA CT , Los Angeles, CA, 91436",No_Match,,,,,
113,"4716  - 4716  NOELINE AVE , Los Angeles, CA, 91436",Match,Non_Exact,"4716 NOELINE AVE, VAN NUYS, CA, 91436","-118.49014,34.15594",141556624,R
114,"4716  - 4716  NOELINE AVE , Los Angeles, CA, 91436",Match,Non_Exact,"4716 NOELINE AVE, VAN NUYS, CA, 91436","-118.49014,34.15594",141556624,R
115,"4701  - 4701  HAYVENHURST AVE , Los Angeles, CA, 91436",Match,Non_Exact,"4701 HAYVENHURST AVE, VAN NUYS, CA, 91436","-118.492355,34.155502",142714845,L
116,"17328  - 17328  RANCHO ST , Los Angeles, CA, 91316",Match,Non_Exact,"17328 RANCHO ST, VAN NUYS, CA, 91316","-118.51051,34.15638",142048042,L
117,"17328  - 17328  RANCHO ST , Los Angeles, CA, 91316",Match,Non_Exact,"17328 RANCHO ST, VAN NUYS, CA, 91316","-118.51051,34.15638",142048042,L
118,"4600  - 4600  ENCINO AVE , Los Angeles, CA, 91316",Match,Non_Exact,"4600 ENCINO AVE, VAN NUYS, CA, 91316","-118.51339,34.153744",624092527,R
119,"13169  - 13169  VICTORY BLVD , Los Angeles, CA, 91401",Match,Non_Exact,"13169 VICTORY BLVD, VAN NUYS, CA, 91401","-118.41983,34.18668",141563004,R
120,"13167  - 13167  VICTORY BLVD , Los Angeles, CA, 91401",Match,Non_Exact,"13167 VICTORY BLVD, VAN NUYS, CA, 91401","-118.41981,34.18668",141563004,R
121,"13165  - 13165  VICTORY BLVD , Los Angeles, CA, 91401",Match,Non_Exact,"13165 VICTORY BLVD, VAN NUYS, CA, 91401","-118.41978,34.18668",141563004,R
122,"13161  - 13161  VICTORY BLVD , Los Angeles, CA, 91401",Match,Non_Exact,"13161 VICTORY BLVD, VAN NUYS, CA, 91401","-118.41972,34.18668",141563004,R
123,"13161  - 13161  LUMINA WAY , Los Angeles, CA, 91401",No_Match,,,,,
124,"13165  - 13165  LUMINA WAY , Los Angeles, CA, 91401",No_Match,,,,,
125,"13167  - 13167  LUMINA WAY , Los Angeles, CA, 91401",No_Match,,,,,
126,"13171  - 13171  LUMINA WAY , Los Angeles, CA, 91401",No_Match,,,,,
127,"13211  - 13211  VICTORY BLVD , Los Angeles, CA, 91401",Match,Non_Exact,"13211 VICTORY BLVD, VAN NUYS, CA, 91401","-118.42073,34.186676",141563002,R
128,"13209  - 13209  VICTORY BLVD , Los Angeles, CA, 91401",Match,Non_Exact,"13209 VICTORY BLVD, VAN NUYS, CA, 91401","-118.42067,34.186676",141563002,R
129,"13207  - 13207  VICTORY BLVD , Los Angeles, CA, 91401",Match,Non_Exact,"13207 VICTORY BLVD, VAN NUYS, CA, 91401","-118.42061,34.186676",141563002,R
130,"13205  - 13205  VICTORY BLVD , Los Angeles, CA, 91401",Match,Non_Exact,"13205 VICTORY BLVD, VAN NUYS, CA, 91401","-118.42055,34.186676",141563002,R
131,"13201  - 13201  VICTORY BLVD , Los Angeles, CA, 91401",Match,Non_Exact,"13201 VICTORY BLVD, VAN NUYS, CA, 91401","-118.420425,34.186676",141563002,R
132,"13201  - 13201  LUMINA WAY , Los Angeles, CA, 91401",No_Match,,,,,
133,"13205  - 13205  LUMINA WAY , Los Angeles, CA, 91401",No_Match,,,,,
134,"13207  - 13207  LUMINA WAY , Los Angeles, CA, 91401",No_Match,,,,,
135,"13209  - 13209  LUMINA WAY , Los Angeles, CA, 91401",No_Match,,,,,
136,"13211  - 13211  LUMINA WAY , Los Angeles, CA, 91401",No_Match,,,,,
137,"7022  - 7022  WOODMAN AVE , Los Angeles, CA, 91405",Match,Non_Exact,"7022 WOODMAN AVE, VAN NUYS, CA, 91405","-118.43125,34.198044",141561253,R
138,"11510  - 11510 1/2 EMELITA ST , Los Angeles, CA, 91601",No_Match,,,,,
139,"11508  - 11508 1/2 EMELITA ST , Los Angeles, CA, 91601",No_Match,,,,,
140,"5816  - 5816  WHITSETT AVE , Los Angeles, CA, 91607",Match,Non_Exact,"5816 WHITSETT AVE, VALLEY VILLAGE, CA, 91607","-118.40524,34.176235",141563353,R
141,"5500  - 5500  KLUMP AVE , Los Angeles, CA, 91601",Match,Non_Exact,"5500 KLUMP AVE, VALLEY VILLAGE, CA, 91601","-118.37519,34.170162",141591590,R
142,"11210  - 11210  PEACH GROVE ST , Los Angeles, CA, 91601",Match,Non_Exact,"11210 PEACH GROVE ST, VALLEY VILLAGE, CA, 91601","-118.37495,34.159122",141565111,L
143,"11269  - 11269  CAMARILLO ST , Los Angeles, CA, 91602",Match,Non_Exact,"11269 CAMARILLO ST, TOLUCA LAKE, CA, 91602","-118.37668,34.157646",141565106,R
144,"4814  - 4814  BEN AVE , Los Angeles, CA, 91607",Match,Non_Exact,"4814 BEN AVE, VALLEY VILLAGE, CA, 91607","-118.394264,34.157978",141564726,R
145,"4807  - 4807  GENTRY AVE , Los Angeles, CA, 91607",Match,Non_Exact,"4807 GENTRY AVE, VALLEY VILLAGE, CA, 91607","-118.39318,34.157856",141564728,L
146,"4810  - 4810  BEN AVE , Los Angeles, CA, 91607",Match,Non_Exact,"4810 BEN AVE, VALLEY VILLAGE, CA, 91607","-118.394264,34.157913",141564726,R
147,"4812  - 4812  BEN AVE , Los Angeles, CA, 91607",Match,Non_Exact,"4812 BEN AVE, VALLEY VILLAGE, CA, 91607","-118.394264,34.157948",141564726,R
148,"11939  - 11939  RIVERSIDE DR , Los Angeles, CA, 91607",Match,Non_Exact,"11939 RIVERSIDE DR, VALLEY VILLAGE, CA, 91607","-118.393394,34.157627",141564730,R
149,"4809  - 4809  GENTRY AVE , Los Angeles, CA, 91607",Match,Non_Exact,"4809 GENTRY AVE, VALLEY VILLAGE, CA, 91607","-118.39318,34.157887",141564728,L
150,"4806  - 4806  BEN AVE , Los Angeles, CA, 91607",Match,Non_Exact,"4806 BEN AVE, VALLEY VILLAGE, CA, 91607","-118.394264,34.157852",141564726,R
151,"11941  - 11941  RIVERSIDE DR , Los Angeles, CA, 91607",Match,Non_Exact,"11941 RIVERSIDE DR, VALLEY VILLAGE, CA, 91607","-118.39342,34.157627",141564730,R
152,"4803  - 4803  GENTRY AVE , Los Angeles, CA, 91607",Match,Non_Exact,"4803 GENTRY AVE, VALLEY VILLAGE, CA, 91607","-118.39319,34.157795",141564728,L
153,"4805  - 4805  GENTRY AVE , Los Angeles, CA, 91607",Match,Non_Exact,"4805 GENTRY AVE, VALLEY VILLAGE, CA, 91607","-118.39318,34.157825",141564728,L
154,"4811  - 4811  GENTRY AVE , Los Angeles, CA, 91607",Match,Non_Exact,"4811 GENTRY AVE, VALLEY VILLAGE, CA, 91607","-118.39317,34.157917",141564728,L
155,"11953  - 11953  RIVERSIDE DR , Los Angeles, CA, 91607",Match,Non_Exact,"11953 RIVERSIDE DR, VALLEY VILLAGE, CA, 91607","-118.39358,34.157623",141564730,R
156,"11947  - 11947  RIVERSIDE DR , Los Angeles, CA, 91607",Match,Non_Exact,"11947 RIVERSIDE DR, VALLEY VILLAGE, CA, 91607","-118.3935,34.157627",141564730,R
157,"4808  - 4808  BEN AVE , Los Angeles, CA, 91607",Match,Non_Exact,"4808 BEN AVE, VALLEY VILLAGE, CA, 91607","-118.394264,34.157883",141564726,R
158,"12936  - 12936  ADDISON ST , Los Angeles, CA, 91423",Match,Non_Exact,"12936 ADDISON ST, VAN NUYS, CA, 91423","-118.41463,34.16124",640416053,L
159,"12621  - 12621  SARAH ST , Los Angeles, CA, 91604",Match,Non_Exact,"12621 SARAH ST, NORTH HOLLYWOOD, CA, 91604","-118.40769,34.153996",141563876,R
160,"12621  - 12621  SARAH ST , Los Angeles, CA, 91604",Match,Non_Exact,"12621 SARAH ST, NORTH HOLLYWOOD, CA, 91604","-118.40769,34.153996",141563876,R
161,"12627  - 12627  SARAH ST , Los Angeles, CA, 91604",Match,Non_Exact,"12627 SARAH ST, NORTH HOLLYWOOD, CA, 91604","-118.407814,34.153996",141563876,R
162,"12627  - 12627  SARAH ST , Los Angeles, CA, 91604",Match,Non_Exact,"12627 SARAH ST, NORTH HOLLYWOOD, CA, 91604","-118.407814,34.153996",141563876,R
163,"4240  - 4240  LAUREL CANYON BLVD , Los Angeles, CA, 91604",Match,Non_Exact,"4240 LAUREL CANYON BLVD, NORTH HOLLYWOOD, CA, 91604","-118.396454,34.147366",141565744,R
164,"11912  - 11912  LAURELWOOD DR , Los Angeles, CA, 91604",Match,Non_Exact,"11912 LAURELWOOD DR, NORTH HOLLYWOOD, CA, 91604","-118.39169,34.141945",642865394,L
165,"4337  - 4337  TEESDALE AVE , Los Angeles, CA, 91604",Match,Non_Exact,"4337 TEESDALE AVE, NORTH HOLLYWOOD, CA, 91604","-118.40836,34.149265",141565361,L
166,"4229  - 4229  BLOOMFIELD LANE , Los Angeles, CA, 91604",No_Match,,,,,
167,"4225  - 4225  BLOOMFIELD LANE , Los Angeles, CA, 91604",No_Match,,,,,
168,"4227  - 4227  BLOOMFIELD LANE , Los Angeles, CA, 91604",No_Match,,,,,
169,"4235  - 4235  BLOOMFIELD LANE , Los Angeles, CA, 91604",No_Match,,,,,
170,"4223  - 4223  BLOOMFIELD LANE , Los Angeles, CA, 91604",No_Match,,,,,
171,"11951  - 11951  PINNACLE PL , Los Angeles, CA, 90210",Match,Non_Exact,"11951 PINNACLE PL, BEVERLY HILLS, CA, 90210","-118.39777,34.125805",141565863,L
172,"8702  - 8702  LA TUNA CANYON ROAD , Los Angeles, CA, 91352",Match,Non_Exact,"8702 LA TUNA CANYON RD, SUN VALLEY, CA, 91352","-118.32412,34.23728",627857289,L
173,"8939  - 8939  VILLAGE AVE , Los Angeles, CA, 91352",Match,Non_Exact,"8939 VILLAGE AVE, SUN VALLEY, CA, 91352","-118.35623,34.2312",627857815,L
174,"5812  - 5812  CLEON AVE , Los Angeles, CA, 91601",Match,Non_Exact,"5812 CLEON AVE, VALLEY VILLAGE, CA, 91601","-118.3681,34.176125",141591416,R
175,"4840  - 4840  CLEON AVE , Los Angeles, CA, 91601",Match,Non_Exact,"4840 CLEON AVE, VALLEY VILLAGE, CA, 91601","-118.36806,34.158226",141591876,R
176,"10710  - 10710  BLOOMFIELD ST , Los Angeles, CA, 91602",Match,Non_Exact,"10710 BLOOMFIELD ST, TOLUCA LAKE, CA, 91602","-118.36392,34.1496",141593360,L
177,"13930  - 13930  NURMI ST , Los Angeles, CA, 91342",Match,Non_Exact,"13930 NURMI ST, KAGEL CANYON, CA, 91342","-118.43649,34.32091",141545912,L
178,"13936  - 13936  NURMI ST , Los Angeles, CA, 91342",Match,Non_Exact,"13936 NURMI ST, KAGEL CANYON, CA, 91342","-118.43655,34.32086",141545912,L
179,"13942  - 13942  NURMI ST , Los Angeles, CA, 91342",Match,Non_Exact,"13942 NURMI ST, KAGEL CANYON, CA, 91342","-118.43661,34.320812",141545912,L
180,"13943  - 13943  NURMI ST , Los Angeles, CA, 91342",Match,Non_Exact,"13943 NURMI ST, KAGEL CANYON, CA, 91342","-118.43659,34.32084",141545912,R
181,"13937  - 13937  NURMI ST , Los Angeles, CA, 91342",Match,Non_Exact,"13937 NURMI ST, KAGEL CANYON, CA, 91342","-118.43653,34.320892",141545912,R
182,"13931  - 13931  NURMI ST , Los Angeles, CA, 91342",Match,Non_Exact,"13931 NURMI ST, KAGEL CANYON, CA, 91342","-118.43647,34.320946",141545912,R
183,"14002  - 14002  LAKESIDE ST , Los Angeles, CA, 91342",Match,Non_Exact,"14002 LAKESIDE ST, KAGEL CANYON, CA, 91342","-118.43948,34.31934",141545767,L
184,"14008  - 14008  LAKESIDE ST , Los Angeles, CA, 91342",Match,Non_Exact,"14008 LAKESIDE ST, KAGEL CANYON, CA, 91342","-118.43954,34.31929",141545767,L
185,"14014  - 14014  LAKESIDE ST , Los Angeles, CA, 91342",Match,Non_Exact,"14014 LAKESIDE ST, KAGEL CANYON, CA, 91342","-118.4396,34.319237",141545767,L
186,"14015  - 14015  LAKESIDE ST , Los Angeles, CA, 91342",Match,Non_Exact,"14015 LAKESIDE ST, KAGEL CANYON, CA, 91342","-118.439606,34.319244",141545767,R
187,"14009  - 14009  LAKESIDE ST , Los Angeles, CA, 91342",Match,Non_Exact,"14009 LAKESIDE ST, KAGEL CANYON, CA, 91342","-118.43955,34.319298",141545767,R
188,"14003  - 14003  LAKESIDE ST , Los Angeles, CA, 91342",Match,Non_Exact,"14003 LAKESIDE ST, KAGEL CANYON, CA, 91342","-118.43949,34.319347",141545767,R
189,"14658  - 14658  WILLOW PARK DR , Los Angeles, CA, 91342",No_Match,,,,,
190,"14659  - 14659  WILLOW PARK DR , Los Angeles, CA, 91342",No_Match,,,,,
191,"14662  - 14662  WILLOW PARK DR , Los Angeles, CA, 91342",No_Match,,,,,
192,"14663  - 14663  WILLOW PARK DR , Los Angeles, CA, 91342",No_Match,,,,,
193,"14655  - 14655  WILLOW PARK DR , Los Angeles, CA, 91342",No_Match,,,,,
194,"14651  - 14651  WILLOW PARK DR , Los Angeles, CA, 91342",No_Match,,,,,
195,"14666  - 14666  WILLOW PARK DR , Los Angeles, CA, 91342",No_Match,,,,,
196,"14654  - 14654  WILLOW PARK DR , Los Angeles, CA, 91342",No_Match,,,,,
197,"14667  - 14667  WILLOW PARK DR , Los Angeles, CA, 91342",No_Match,,,,,
198,"12578  - 12578  BRADLEY AVE , Los Angeles, CA, 91342",Match,Non_Exact,"12578 BRADLEY AVE, KAGEL CANYON, CA, 91342","-118.451324,34.298927",642865491,R
199,"12578  - 12578  BRADLEY AVE , Los Angeles, CA, 91342",Match,Non_Exact,"12578 BRADLEY AVE, KAGEL CANYON, CA, 91342","-118.451324,34.298927",642865491,R
200,"13315  - 13315  FREDERICK WAY , Los Angeles, CA, 91342",No_Match,,,,,
201,"13311  - 13311  FREDERICK WAY , Los Angeles, CA, 91342",No_Match,,,,,
202,"13313  - 13313  FREDERICK WAY , Los Angeles, CA, 91342",No_Match,,,,,
203,"13387  - 13387  ELSIE LN , Los Angeles, CA, 91342",No_Match,,,,,
204,"13383  - 13383  ELSIE LN , Los Angeles, CA, 91342",No_Match,,,,,
205,"13316  - 13316  FREDERICK WAY , Los Angeles, CA, 91342",No_Match,,,,,
206,"13314  - 13314  FREDERICK WAY , Los Angeles, CA, 91342",No_Match,,,,,
207,"13228  - 13228  GLADSTONE AVE , Los Angeles, CA, 91342",No_Match,,,,,
208,"12512  - 12512  BROMONT AVE , Los Angeles, CA, 91340",Match,Non_Exact,"12512 BROMONT AVE, SAN FERNANDO, CA, 91340","-118.421814,34.297005",141550537,R
209,"12547  - 12547  HUNNEWELL AVE , Los Angeles, CA, 91342",Match,Non_Exact,"12547 HUNNEWELL AVE, KAGEL CANYON, CA, 91342","-118.41614,34.29861",141550576,L
210,"12543  - 12543  HUNNEWELL AVE , Los Angeles, CA, 91342",Match,Non_Exact,"12543 HUNNEWELL AVE, KAGEL CANYON, CA, 91342","-118.41612,34.29859",141550576,L
211,"12840  - 12840  HEMINGWAY DR , Los Angeles, CA, 91331",No_Match,,,,,
212,"12845  - 12845  HEMINGWAY DR , Los Angeles, CA, 91331",No_Match,,,,,
213,"12844  - 12844  HEMINGWAY DR , Los Angeles, CA, 91331",No_Match,,,,,
214,"9304  - 9304  HILLROSE ST , Los Angeles, CA, 91040",Match,Non_Exact,"9304 HILLROSE ST, SHADOW HILLS, CA, 91040","-118.33494,34.26233",642867596,L
215,"8348  - 8348  STANDARD PL , Los Angeles, CA, 91040",No_Match,,,,,
216,"14903  - 14903  NAVARRE WAY , Los Angeles, CA, 91342",No_Match,,,,,
217,"14861  - 14861  NAVARRE WAY , Los Angeles, CA, 91342",No_Match,,,,,
218,"14917  - 14917  NAVARRE WAY , Los Angeles, CA, 91342",No_Match,,,,,
219,"14840  - 14840  CASTILLE WAY , Los Angeles, CA, 91342",No_Match,,,,,
220,"14834  - 14834  CASTILLE WAY , Los Angeles, CA, 91342",No_Match,,,,,
221,"12349  - 12349  ARAGON WAY , Los Angeles, CA, 91342",No_Match,,,,,
222,"14836  - 14836  CASTILLE WAY , Los Angeles, CA, 91342",No_Match,,,,,
223,"14857  - 14857  NAVARRE WAY , Los Angeles, CA, 91342",No_Match,,,,,
224,"14865  - 14865  NAVARRE WAY , Los Angeles, CA, 91342",No_Match,,,,,
225,"14859  - 14859  NAVARRE WAY , Los Angeles, CA, 91342",No_Match,,,,,
226,"14837  - 14837  CASTILLE WAY , Los Angeles, CA, 91342",No_Match,,,,,
227,"14841  - 14841  CASTILLE WAY , Los Angeles, CA, 91342",No_Match,,,,,
228,"14838  - 14838  CASTILLE WAY , Los Angeles, CA, 91342",No_Match,,,,,
229,"14905  - 14905  NAVARRE WAY , Los Angeles, CA, 91342",No_Match,,,,,
230,"12344  - 12344  VILLAR WAY , Los Angeles, CA, 91342",No_Match,,,,,
231,"14848  - 14848  CASTILLE WAY , Los Angeles, CA, 91342",No_Match,,,,,
232,"14851  - 14851  CASTILLE WAY , Los Angeles, CA, 91342",No_Match,,,,,
233,"14908  - 14908  CASTILLE WAY , Los Angeles, CA, 91342",No_Match,,,,,
234,"14849  - 14849  CASTILLE WAY , Los Angeles, CA, 91342",No_Match,,,,,
235,"14905  - 14905  CASTILLE WAY , Los Angeles, CA, 91342",No_Match,,,,,
236,"14901  - 14901  CASTILLE WAY , Los Angeles, CA, 91342",No_Match,,,,,
237,"14850  - 14850  CASTILLE WAY , Los Angeles, CA, 91342",No_Match,,,,,
238,"14851  - 14851  NAVARRE WAY , Los Angeles, CA, 91342",No_Match,,,,,
239,"14901  - 14901  NAVARRE WAY , Los Angeles, CA, 91342",No_Match,,,,,
240,"14911  - 14911  NAVARRE WAY , Los Angeles, CA, 91342",No_Match,,,,,
241,"14925  - 14925  NAVARRE WAY , Los Angeles, CA, 91342",No_Match,,,,,
242,"14906  - 14906  CASTILLE WAY , Los Angeles, CA, 91342",No_Match,,,,,
243,"14846  - 14846  CASTILLE WAY , Los Angeles, CA, 91342",No_Match,,,,,
244,"14900  - 14900  CASTILLE WAY , Los Angeles, CA, 91342",No_Match,,,,,
245,"14921  - 14921  NAVARRE WAY , Los Angeles, CA, 91342",No_Match,,,,,
246,"14830  - 14830  CASTILLE WAY , Los Angeles, CA, 91342",No_Match,,,,,
247,"14923  - 14923  NAVARRE WAY , Los Angeles, CA, 91342",No_Match,,,,,
248,"14832  - 14832  CASTILLE WAY , Los Angeles, CA, 91342",No_Match,,,,,
249,"14907  - 14907  CASTILLE WAY , Los Angeles, CA, 91342",No_Match,,,,,
250,"14915  - 14915  NAVARRE WAY , Los Angeles, CA, 91342",No_Match,,,,,
251,"14855  - 14855  NAVARRE WAY , Los Angeles, CA, 91342",No_Match,,,,,
252,"14927  - 14927  NAVARRE WAY , Los Angeles, CA, 91342",No_Match,,,,,
253,"12348  - 12348  VILLAR WAY , Los Angeles, CA, 91342",No_Match,,,,,
254,"14847  - 14847  CASTILLE WAY , Los Angeles, CA, 91342",No_Match,,,,,
255,"14844  - 14844  CASTILLE WAY , Los Angeles, CA, 91342",No_Match,,,,,
256,"14842  - 14842  CASTILLE WAY , Los Angeles, CA, 91342",No_Match,,,,,
257,"14904  - 14904  CASTILLE WAY , Los Angeles, CA, 91342",No_Match,,,,,
258,"14856  - 14856  CASTILLE WAY , Los Angeles, CA, 91342",No_Match,,,,,
259,"14839  - 14839  CASTILLE WAY , Los Angeles, CA, 91342",No_Match,,,,,
260,"14907  - 14907  NAVARRE WAY , Los Angeles, CA, 91342",No_Match,,,,,
261,"14853  - 14853  NAVARRE WAY , Los Angeles, CA, 91342",No_Match,,,,,
262,"14852  - 14852  CASTILLE WAY , Los Angeles, CA, 91342",No_Match,,,,,
263,"12350  - 12350  VILLAR WAY , Los Angeles, CA, 91342",No_Match,,,,,
264,"14902  - 14902  CASTILLE WAY , Los Angeles, CA, 91342",No_Match,,,,,
265,"14854  - 14854  CASTILLE WAY , Los Angeles, CA, 91342",No_Match,,,,,
266,"12346  - 12346  VILLAR WAY , Los Angeles, CA, 91342",No_Match,,,,,
267,"12347  - 12347  ARAGON WAY , Los Angeles, CA, 91342",No_Match,,,,,
268,"14845  - 14845  CASTILLE WAY , Los Angeles, CA, 91342",No_Match,,,,,
269,"12345  - 12345  ARAGON WAY , Los Angeles, CA, 91342",No_Match,,,,,
270,"14903  - 14903  CASTILLE WAY , Los Angeles, CA, 91342",No_Match,,,,,
271,"14909  - 14909  NAVARRE WAY , Los Angeles, CA, 91342",No_Match,,,,,
272,"14913  - 14913  NAVARRE WAY , Los Angeles, CA, 91342",No_Match,,,,,
273,"14855  - 14855  CASTILLE WAY , Los Angeles, CA, 91342",No_Match,,,,,
274,"14863  - 14863  NAVARRE WAY , Los Angeles, CA, 91342",No_Match,,,,,
275,"14843  - 14843  CASTILLE WAY , Los Angeles, CA, 91342",No_Match,,,,,
276,"14853  - 14853  CASTILLE WAY , Los Angeles, CA, 91342",No_Match,,,,,
277,"14919  - 14919  NAVARRE WAY , Los Angeles, CA, 91342",No_Match,,,,,
278,"14910  - 14910  CASTILLE WAY , Los Angeles, CA, 91342",No_Match,,,,,
279,"9721  - 9721  PINE ORCHARD ST , Los Angeles, CA, 91331",No_Match,,,,,
280,"9717  - 9717  PINE ORCHARD ST , Los Angeles, CA, 91331",No_Match,,,,,
281,"9646  - 9646  PINE ORCHARD ST , Los Angeles, CA, 91331",No_Match,,,,,
282,"9727  - 9727  PINE ORCHARD ST , Los Angeles, CA, 91331",No_Match,,,,,
283,"9716  - 9716  PINE ORCHARD ST , Los Angeles, CA, 91331",No_Match,,,,,
284,"9723  - 9723  PINE ORCHARD ST , Los Angeles, CA, 91331",No_Match,,,,,
285,"9670  - 9670  PINE ORCHARD ST , Los Angeles, CA, 91331",No_Match,,,,,
286,"9718  - 9718  PINE ORCHARD ST , Los Angeles, CA, 91331",No_Match,,,,,
287,"9722  - 9722  PINE ORCHARD ST , Los Angeles, CA, 91331",No_Match,,,,,
288,"9720  - 9720  PINE ORCHARD ST , Los Angeles, CA, 91331",No_Match,,,,,
289,"9725  - 9725  PINE ORCHARD ST , Los Angeles, CA, 91331",No_Match,,,,,
290,"9648  - 9648  PINE ORCHARD ST , Los Angeles, CA, 91331",No_Match,,,,,
291,"9719  - 9719  PINE ORCHARD ST , Los Angeles, CA, 91331",No_Match,,,,,
292,"9724  - 9724  PINE ORCHARD ST , Los Angeles, CA, 91331",No_Match,,,,,
293,"15006  - 15006  ANAYA DR , Los Angeles, CA, 91343",No_Match,,,,,
294,"9240  - 9240  LAMIA CT , Los Angeles, CA, 91343",No_Match,,,,,
295,"9243  - 9243  LAMIA CT , Los Angeles, CA, 91343",No_Match,,,,,
296,"15008  - 15008  ANAYA DR , Los Angeles, CA, 91343",No_Match,,,,,
297,"15002  - 15002  ANAYA DR , Los Angeles, CA, 91343",No_Match,,,,,
298,"15004  - 15004  ANAYA DR , Los Angeles, CA, 91343",No_Match,,,,,
299,"9241  - 9241  LAMIA CT , Los Angeles, CA, 91343",No_Match,,,,,
300,"9237  - 9237  KENNY CT , Los Angeles, CA, 91343",No_Match,,,,,
301,"9237  - 9237  LAMIA CT , Los Angeles, CA, 91343",No_Match,,,,,
302,"9242  - 9242  KENNY CT , Los Angeles, CA, 91343",No_Match,,,,,
303,"15012  - 15012  ANAYA DR , Los Angeles, CA, 91343",No_Match,,,,,
304,"9241  - 9241  KENNY CT , Los Angeles, CA, 91343",No_Match,,,,,
305,"9236  - 9236  KENNY CT , Los Angeles, CA, 91343",No_Match,,,,,
306,"9240  - 9240  KENNY CT , Los Angeles, CA, 91343",No_Match,,,,,
307,"15000  - 15000  ANAYA DR , Los Angeles, CA, 91343",No_Match,,,,,
308,"15010  - 15010  ANAYA DR , Los Angeles, CA, 91343",No_Match,,,,,
309,"9242  - 9242  LAMIA CT , Los Angeles, CA, 91343",No_Match,,,,,
310,"9236  - 9236  LAMIA CT , Los Angeles, CA, 91343",No_Match,,,,,
311,"9239  - 9239  LAMIA CT , Los Angeles, CA, 91343",No_Match,,,,,
312,"9239  - 9239  KENNY CT , Los Angeles, CA, 91343",No_Match,,,,,
313,"15014  - 15014  ANAYA DR , Los Angeles, CA, 91343",No_Match,,,,,
314,"9238  - 9238  KENNY CT , Los Angeles, CA, 91343",No_Match,,,,,
315,"9243  - 9243  KENNY CT , Los Angeles, CA, 91343",No_Match,,,,,
316,"9238  - 9238  LAMIA CT , Los Angeles, CA, 91343",No_Match,,,,,
317,"14854  - 14854  MAPLE TERR , Los Angeles, CA, 91402",No_Match,,,,,
318,"14850  - 14850  MAPLE TERR , Los Angeles, CA, 91402",No_Match,,,,,
319,"14853  - 14853  MAPLE TERR , Los Angeles, CA, 91402",No_Match,,,,,
320,"14858  - 14858  MAPLE TERR , Los Angeles, CA, 91402",No_Match,,,,,
321,"14849  - 14849  MAPLE TERR , Los Angeles, CA, 91402",No_Match,,,,,
322,"14851  - 14851  MAPLE TERR , Los Angeles, CA, 91402",No_Match,,,,,
323,"14863  - 14863  MAPLE TERR , Los Angeles, CA, 91402",No_Match,,,,,
324,"14861  - 14861  MAPLE TERR , Los Angeles, CA, 91402",No_Match,,,,,
325,"14855  - 14855  MAPLE TERR , Los Angeles, CA, 91402",No_Match,,,,,
326,"14847  - 14847  MAPLE TERR , Los Angeles, CA, 91402",No_Match,,,,,
327,"14859  - 14859  MAPLE TERR , Los Angeles, CA, 91402",No_Match,,,,,
328,"14848  - 14848  MAPLE TERR , Los Angeles, CA, 91402",No_Match,,,,,
329,"14862  - 14862  MAPLE TERR , Los Angeles, CA, 91402",No_Match,,,,,
330,"14865  - 14865  MAPLE TERR , Los Angeles, CA, 91402",No_Match,,,,,
331,"14856  - 14856  MAPLE TERR , Los Angeles, CA, 91402",No_Match,,,,,
332,"14860  - 14860  MAPLE TERR , Los Angeles, CA, 91402",No_Match,,,,,
333,"14864  - 14864  MAPLE TERR , Los Angeles, CA, 91402",No_Match,,,,,
334,"14866  - 14866  MAPLE TERR , Los Angeles, CA, 91402",No_Match,,,,,
335,"14867  - 14867  MAPLE TERR , Los Angeles, CA, 91402",No_Match,,,,,
336,"14868  - 14868  MAPLE TERR , Los Angeles, CA, 91402",No_Match,,,,,
337,"14846  - 14846  MAPLE TERR , Los Angeles, CA, 91402",No_Match,,,,,
338,"14861  - 14861  LILAC RD , Los Angeles, CA, 91402",No_Match,,,,,
339,"14851  - 14851  LILAC RD , Los Angeles, CA, 91402",No_Match,,,,,
340,"14847  - 14847  LILAC RD , Los Angeles, CA, 91402",No_Match,,,,,
341,"14855  - 14855  LILAC RD , Los Angeles, CA, 91402",No_Match,,,,,
342,"14859  - 14859  LILAC RD , Los Angeles, CA, 91402",No_Match,,,,,
343,"14853  - 14853  LILAC RD , Los Angeles, CA, 91402",No_Match,,,,,
344,"14862  - 14862  LILAC RD , Los Angeles, CA, 91402",No_Match,,,,,
345,"14863  - 14863  LILAC RD , Los Angeles, CA, 91402",No_Match,,,,,
346,"14856  - 14856  LILAC RD , Los Angeles, CA, 91402",No_Match,,,,,
347,"14849  - 14849  LILAC RD , Los Angeles, CA, 91402",No_Match,,,,,
348,"14857  - 14857  LILAC RD , Los Angeles, CA, 91402",No_Match,,,,,
349,"14858  - 14858  LILAC RD , Los Angeles, CA, 91402",No_Match,,,,,
350,"14860  - 14860  LILAC RD , Los Angeles, CA, 91402",No_Match,,,,,
351,"16093  - 16093  COUSTEAU LN , Los Angeles, CA, 91343",No_Match,,,,,
352,"16087  - 16087  COUSTEAU LN , Los Angeles, CA, 91343",No_Match,,,,,
353,"16081  - 16081  COUSTEAU LN , Los Angeles, CA, 91343",No_Match,,,,,
354,"16075  - 16075  COUSTEAU LN , Los Angeles, CA, 91343",No_Match,,,,,
355,"16069  - 16069  COUSTEAU LN , Los Angeles, CA, 91343",No_Match,,,,,
356,"16064  - 16064  COUSTEAU LN , Los Angeles, CA, 91343",No_Match,,,,,
357,"16068  - 16068  COUSTEAU LN , Los Angeles, CA, 91343",No_Match,,,,,
358,"16072  - 16072  COUSTEAU LN , Los Angeles, CA, 91343",No_Match,,,,,
359,"16078  - 16078  COUSTEAU LN , Los Angeles, CA, 91343",No_Match,,,,,
360,"16084  - 16084  COUSTEAU LN , Los Angeles, CA, 91343",No_Match,,,,,
361,"16090  - 16090  COUSTEAU LN , Los Angeles, CA, 91343",No_Match,,,,,
362,"16079  - 16079  COOK LN , Los Angeles, CA, 91343",No_Match,,,,,
363,"16075  - 16075  COOK LN , Los Angeles, CA, 91343",No_Match,,,,,
364,"16071  - 16071  COOK LN , Los Angeles, CA, 91343",No_Match,,,,,
365,"16067  - 16067  COOK LN , Los Angeles, CA, 91343",No_Match,,,,,
366,"16063  - 16063  COOK LN , Los Angeles, CA, 91343",No_Match,,,,,
367,"16134  - 16134  COLUMBUS LN , Los Angeles, CA, 91343",No_Match,,,,,
368,"16152  - 16152  COLUMBUS LN , Los Angeles, CA, 91343",No_Match,,,,,
369,"16158  - 16158  COLUMBUS LN , Los Angeles, CA, 91343",No_Match,,,,,
370,"16166  - 16166  COLUMBUS LN , Los Angeles, CA, 91343",No_Match,,,,,
371,"16155  - 16155  COLUMBUS LN , Los Angeles, CA, 91343",No_Match,,,,,
372,"16149  - 16149  COLUMBUS LN , Los Angeles, CA, 91343",No_Match,,,,,
373,"16139  - 16139  COLUMBUS LN , Los Angeles, CA, 91343",No_Match,,,,,
374,"16133  - 16133  COLUMBUS LN , Los Angeles, CA, 91343",No_Match,,,,,
375,"16062  - 16062  COOK LN , Los Angeles, CA, 91343",No_Match,,,,,
376,"16066  - 16066  COOK LN , Los Angeles, CA, 91343",No_Match,,,,,
377,"16070  - 16070  COOK LN , Los Angeles, CA, 91343",No_Match,,,,,
378,"16074  - 16074  COOK LN , Los Angeles, CA, 91343",No_Match,,,,,
379,"16080  - 16080  COOK LN , Los Angeles, CA, 91343",No_Match,,,,,
380,"16108  - 16108  COOK LN , Los Angeles, CA, 91343",No_Match,,,,,
381,"16116  - 16116  COOK LN , Los Angeles, CA, 91343",No_Match,,,,,
382,"16122  - 16122  COOK LN , Los Angeles, CA, 91343",No_Match,,,,,
383,"16132  - 16132  COOK LN , Los Angeles, CA, 91343",No_Match,,,,,
384,"16138  - 16138  COOK LN , Los Angeles, CA, 91343",No_Match,,,,,
385,"16148  - 16148  COOK LN , Los Angeles, CA, 91343",No_Match,,,,,
386,"20658  - 20658  CHESTNUT CIR , Los Angeles, CA, 91326",No_Match,,,,,
387,"20650  - 20650  WALNUT CIR , Los Angeles, CA, 91326",No_Match,,,,,
388,"20708  - 20708  WALNUT CIR , Los Angeles, CA, 91326",No_Match,,,,,
389,"20638  - 20638  WALNUT CIR , Los Angeles, CA, 91326",No_Match,,,,,
390,"20626  - 20626  WALNUT CIR , Los Angeles, CA, 91326",No_Match,,,,,
391,"20666  - 20666  WALNUT CIR , Los Angeles, CA, 91326",No_Match,,,,,
392,"20650  - 20650  CHESTNUT CIR , Los Angeles, CA, 91326",No_Match,,,,,
393,"20651  - 20651  CHESTNUT CIR , Los Angeles, CA, 91326",No_Match,,,,,
394,"20704  - 20704  WALNUT CIR , Los Angeles, CA, 91326",No_Match,,,,,
395,"20643  - 20643  CHESTNUT CIR , Los Angeles, CA, 91326",No_Match,,,,,
396,"20725  - 20725  SESNON BLVD , Los Angeles, CA, 91326",No_Match,,,,,
397,"20654  - 20654  WALNUT CIR , Los Angeles, CA, 91326",No_Match,,,,,
398,"20642  - 20642  WALNUT CIR , Los Angeles, CA, 91326",No_Match,,,,,
399,"20647  - 20647  CHESTNUT CIR , Los Angeles, CA, 91326",No_Match,,,,,
400,"20648  - 20648  CHESTNUT CIR , Los Angeles, CA, 91326",No_Match,,,,,
401,"20653  - 20653  CHESTNUT CIR , Los Angeles, CA, 91326",No_Match,,,,,
402,"20649  - 20649  CHESTNUT CIR , Los Angeles, CA, 91326",No_Match,,,,,
403,"20645  - 20645  CHESTNUT CIR , Los Angeles, CA, 91326",No_Match,,,,,
404,"20700  - 20700  WALNUT CIR , Los Angeles, CA, 91326",No_Match,,,,,
405,"20652  - 20652  CHESTNUT CIR , Los Angeles, CA, 91326",No_Match,,,,,
406,"20644  - 20644  CHESTNUT CIR , Los Angeles, CA, 91326",No_Match,,,,,
407,"20646  - 20646  WALNUT CIR , Los Angeles, CA, 91326",No_Match,,,,,
408,"20657  - 20657  CHESTNUT CIR , Los Angeles, CA, 91326",No_Match,,,,,
409,"20725  - 20725  SESNON BLVD , Los Angeles, CA, 91326",No_Match,,,,,
410,"20656  - 20656  CHESTNUT CIR , Los Angeles, CA, 91326",No_Match,,,,,
411,"20654  - 20654  CHESTNUT CIR , Los Angeles, CA, 91326",No_Match,,,,,
412,"20662  - 20662  WALNUT CIR , Los Angeles, CA, 91326",No_Match,,,,,
413,"20655  - 20655  CHESTNUT CIR , Los Angeles, CA, 91326",No_Match,,,,,
414,"20634  - 20634  WALNUT CIR , Los Angeles, CA, 91326",No_Match,,,,,
415,"20646  - 20646  CHESTNUT CIR , Los Angeles, CA, 91326",No_Match,,,,,
416,"20725  - 20725  SESNON BLVD , Los Angeles, CA, 91326",No_Match,,,,,
417,"20630  - 20630  WALNUT CIR , Los Angeles, CA, 91326",No_Match,,,,,
418,"20622  - 20622  WALNUT CIR , Los Angeles, CA, 91326",No_Match,,,,,
419,"20658  - 20658  WALNUT CIR , Los Angeles, CA, 91326",No_Match,,,,,
420,"20430  - 20430  AURORA ST , Los Angeles, CA, 90012",No_Match,,,,,
421,"20438  - 20438  AURORA ST , Los Angeles, CA, 90012",No_Match,,,,,
422,"20445  - 20445  ESMERELDA LANE , Los Angeles, CA, 91326",No_Match,,,,,
423,"20441  - 20441  ESMERALDA ST , Los Angeles, CA, 90032",No_Match,,,,,
424,"20431  - 20431  AURORA ST , Los Angeles, CA, 90012",No_Match,,,,,
425,"20437  - 20437  AURORA ST , Los Angeles, CA, 90012",No_Match,,,,,
426,"20440  - 20440  ESMERELDA LANE , Los Angeles, CA, 91326",No_Match,,,,,
427,"20427  - 20427  AURORA ST , Los Angeles, CA, 90012",No_Match,,,,,
428,"20444  - 20444  ESMERELDA LANE , Los Angeles, CA, 91326",No_Match,,,,,
429,"12035  - 12035  RICASOLI WAY , Los Angeles, CA, 91326",No_Match,,,,,
430,"12035  - 12035  RICASOLI WAY , Los Angeles, CA, 91326",No_Match,,,,,
431,"12039  - 12039  RICASOLI WAY , Los Angeles, CA, 91326",No_Match,,,,,
432,"12031  - 12031  RICASOLI WAY , Los Angeles, CA, 91326",No_Match,,,,,
433,"12031  - 12031  RICASOLI WAY , Los Angeles, CA, 91326",No_Match,,,,,
434,"11700  - 11700  CORBIN AVE , Los Angeles, CA, 91326",Match,Non_Exact,"11700 CORBIN AVE, NORTHRIDGE, CA, 91326","-118.56832,34.28127",142835827,R
435,"11700  - 11700  CORBIN AVE , Los Angeles, CA, 91326",Match,Non_Exact,"11700 CORBIN AVE, NORTHRIDGE, CA, 91326","-118.56832,34.28127",142835827,R
436,"11700  - 11700  CORBIN AVE , Los Angeles, CA, 91326",Match,Non_Exact,"11700 CORBIN AVE, NORTHRIDGE, CA, 91326","-118.56832,34.28127",142835827,R
437,"11700  - 11700  CORBIN AVE , Los Angeles, CA, 91326",Match,Non_Exact,"11700 CORBIN AVE, NORTHRIDGE, CA, 91326","-118.56832,34.28127",142835827,R
438,"11700  - 11700  CORBIN AVE , Los Angeles, CA, 91326",Match,Non_Exact,"11700 CORBIN AVE, NORTHRIDGE, CA, 91326","-118.56832,34.28127",142835827,R
439,"11700  - 11700  CORBIN AVE , Los Angeles, CA, 91326",Match,Non_Exact,"11700 CORBIN AVE, NORTHRIDGE, CA, 91326","-118.56832,34.28127",142835827,R
440,"20245  - 20245  JUBILEE WAY , Los Angeles, CA, 91326",No_Match,,,,,
441,"20278  - 20278  JUBILEE WAY , Los Angeles, CA, 91326",No_Match,,,,,
442,"20239  - 20239  JUBILEE WAY , Los Angeles, CA, 91326",No_Match,,,,,
443,"20257  - 20257  JUBILEE WAY , Los Angeles, CA, 91326",No_Match,,,,,
444,"11701  - 11701  PORTER RANCH DR , Los Angeles, CA, 91326",Match,Non_Exact,"11701 PORTER RANCH DR, NORTHRIDGE, CA, 91326","-118.57276,34.29214",642865517,L
445,"11701  - 11701  PORTER RANCH DR , Los Angeles, CA, 91326",Match,Non_Exact,"11701 PORTER RANCH DR, NORTHRIDGE, CA, 91326","-118.57276,34.29214",642865517,L
446,"20443  - 20443  AURORA WAY , Los Angeles, CA, 91326",No_Match,,,,,
447,"20449  - 20449  AURORA WAY , Los Angeles, CA, 91326",No_Match,,,,,
448,"20455  - 20455  AURORA WAY , Los Angeles, CA, 91326",No_Match,,,,,
449,"11537  - 11537  AMALFI WAY , Los Angeles, CA, 91326",Match,Non_Exact,"11537 AMALFI WAY, NORTHRIDGE, CA, 91326","-118.58082,34.2807",644973524,R
450,"11539  - 11539  AMALFI WAY , Los Angeles, CA, 91326",Match,Non_Exact,"11539 AMALFI WAY, NORTHRIDGE, CA, 91326","-118.580826,34.280712",644973524,R
451,"11543  - 11543  AMALFI WAY , Los Angeles, CA, 91326",Match,Non_Exact,"11543 AMALFI WAY, NORTHRIDGE, CA, 91326","-118.58084,34.28073",644973524,R
452,"11533  - 11533  AMALFI WAY , Los Angeles, CA, 91326",Match,Non_Exact,"11533 AMALFI WAY, NORTHRIDGE, CA, 91326","-118.58081,34.280678",644973524,R
453,"11541  - 11541  AMALFI WAY , Los Angeles, CA, 91326",Match,Non_Exact,"11541 AMALFI WAY, NORTHRIDGE, CA, 91326","-118.58083,34.28072",644973524,R
454,"11545  - 11545  AMALFI WAY , Los Angeles, CA, 91326",Match,Non_Exact,"11545 AMALFI WAY, NORTHRIDGE, CA, 91326","-118.58084,34.280743",644973524,R
455,"11310  - 11320  PASEO EL SOL  , Los Angeles, CA, 91326",No_Match,,,,,
456,"11236  - 11246  PASEO DORADO  , Los Angeles, CA, 91326",No_Match,,,,,
457,"20337  - 20337  AVENIDA ALEGRE  , Los Angeles, CA, 91326",No_Match,,,,,
458,"11925  - 11925  RICASOLI WAY , Los Angeles, CA, 91326",No_Match,,,,,
459,"11966  - 11966  RICASOLI WAY , Los Angeles, CA, 91326",No_Match,,,,,
460,"11917  - 11917  RICASOLI WAY , Los Angeles, CA, 91326",No_Match,,,,,
461,"11932  - 11932  RICASOLI WAY , Los Angeles, CA, 91326",No_Match,,,,,
462,"11929  - 11929  RICASOLI WAY , Los Angeles, CA, 91326",No_Match,,,,,
463,"11924  - 11924  RICASOLI WAY , Los Angeles, CA, 91326",No_Match,,,,,
464,"11933  - 11933  RICASOLI WAY , Los Angeles, CA, 91326",No_Match,,,,,
465,"11941  - 11941  RICASOLI WAY , Los Angeles, CA, 91326",No_Match,,,,,
466,"11937  - 11937  RICASOLI WAY , Los Angeles, CA, 91326",No_Match,,,,,
467,"11940  - 11940  RICASOLI WAY , Los Angeles, CA, 91326",No_Match,,,,,
468,"11921  - 11921  RICASOLI WAY , Los Angeles, CA, 91326",No_Match,,,,,
469,"11944  - 11944  RICASOLI WAY , Los Angeles, CA, 91326",No_Match,,,,,
470,"11928  - 11928  RICASOLI WAY , Los Angeles, CA, 91326",No_Match,,,,,
471,"11945  - 11945  RICASOLI WAY , Los Angeles, CA, 91326",No_Match,,,,,
472,"11963  - 11963  RICASOLI WAY , Los Angeles, CA, 91326",No_Match,,,,,
473,"11949  - 11949  RICASOLI WAY , Los Angeles, CA, 91326",No_Match,,,,,
474,"11936  - 11936  RICASOLI WAY , Los Angeles, CA, 91326",No_Match,,,,,
475,"11254  - 11264  PASEO DEL CIELO  , Los Angeles, CA, 91326",No_Match,,,,,
476,"20285  - 20289  AVENIDA PALOMA  , Los Angeles, CA, 91326",No_Match,,,,,
477,"20288  - 20292  PASEO ALMENDRA  WEST, Los Angeles, CA, 91326",No_Match,,,,,
478,"20287  - 20291  PASEO ALMENDRA  WEST, Los Angeles, CA, 91326",No_Match,,,,,
479,"10907  - 10907  SWEETWATER CT , Los Angeles, CA, 91311",No_Match,,,,,
480,"10900  - 10900  SWEETWATER CT , Los Angeles, CA, 91311",No_Match,,,,,
481,"10849  - 10849  SWEETWATER CT , Los Angeles, CA, 91311",No_Match,,,,,
482,"10861  - 10861  SWEETWATER CT , Los Angeles, CA, 91311",No_Match,,,,,
483,"10860  - 10860  SWEETWATER CT , Los Angeles, CA, 91311",No_Match,,,,,
484,"10901  - 10901  SWEETWATER CT , Los Angeles, CA, 91311",No_Match,,,,,
485,"10848  - 10848  SWEETWATER CT , Los Angeles, CA, 91311",No_Match,,,,,
486,"10854  - 10854  SWEETWATER CT , Los Angeles, CA, 91311",No_Match,,,,,
487,"10851  - 10851  BEE CANYON  , Los Angeles, CA, 91311",No_Match,,,,,
488,"22005  - 22005  TULSA ST , Los Angeles, CA, 91311",Match,Non_Exact,"22005 TULSA ST, CHATSWORTH, CA, 91311","-118.60637,34.266254",141803969,R
489,"22010  - 22010  CALLE MILAGROS  , Los Angeles, CA, 91311",Match,Non_Exact,"22010 CLL MILAGROS, CHATSWORTH, CA, 91311","-118.60664,34.26851",141531663,R
490,"22011  - 22011  TULSA ST , Los Angeles, CA, 91311",Match,Non_Exact,"22011 TULSA ST, CHATSWORTH, CA, 91311","-118.60648,34.26626",141803969,R
491,"10859  - 10859  BEE CANYON  , Los Angeles, CA, 91311",No_Match,,,,,
492,"10868  - 10868  BEE CANYON  , Los Angeles, CA, 91311",No_Match,,,,,
493,"22034  - 22034  CALLE MILAGROS  , Los Angeles, CA, 91311",Match,Non_Exact,"22034 CLL MILAGROS, CHATSWORTH, CA, 91311","-118.60682,34.268505",141531663,R
494,"22015  - 22015  TULSA ST , Los Angeles, CA, 91311",Match,Non_Exact,"22015 TULSA ST, CHATSWORTH, CA, 91311","-118.60656,34.26626",141803969,R
495,"10871  - 10871  BEE CANYON  , Los Angeles, CA, 91311",No_Match,,,,,
496,"22046  - 22046  CALLE MILAGROS  , Los Angeles, CA, 91311",Match,Non_Exact,"22046 CLL MILAGROS, CHATSWORTH, CA, 91311","-118.60691,34.268505",141531663,R
497,"10877  - 10877  BEE CANYON  , Los Angeles, CA, 91311",No_Match,,,,,
498,"10883  - 10883  BEE CANYON  , Los Angeles, CA, 91311",No_Match,,,,,
499,"10868  - 10868  BEE CANYON  , Los Angeles, CA, 91311",No_Match,,,,,
500,"9118  - 9118  FOSTER LANE , Los Angeles, CA, 91311",No_Match,,,,,
501,"9115  - 9115  BALLARD DR , Los Angeles, CA, 91311",No_Match,,,,,
502,"9100  - 9100  BALLARD DR , Los Angeles, CA, 91311",No_Match,,,,,
503,"9108  - 9108  BALLARD DR , Los Angeles, CA, 91311",No_Match,,,,,
504,"9127  - 9127  BALLARD DR , Los Angeles, CA, 91311",No_Match,,,,,
505,"9121  - 9121  BALLARD DR , Los Angeles, CA, 91311",No_Match,,,,,
506,"9129  - 9129  BALLARD DR , Los Angeles, CA, 91311",No_Match,,,,,
507,"9123  - 9123  BALLARD DR , Los Angeles, CA, 91311",No_Match,,,,,
508,"9116  - 9116  BALLARD DR , Los Angeles, CA, 91311",No_Match,,,,,
509,"9102  - 9102  BALLARD DR , Los Angeles, CA, 91311",No_Match,,,,,
510,"9112  - 9112  BALLARD DR , Los Angeles, CA, 91311",No_Match,,,,,
511,"9117  - 9117  BALLARD DR , Los Angeles, CA, 91311",No_Match,,,,,
512,"9111  - 9111  BALLARD DR , Los Angeles, CA, 91311",No_Match,,,,,
513,"9113  - 9113  BALLARD DR , Los Angeles, CA, 91311",No_Match,,,,,
514,"9110  - 9110  BALLARD DR , Los Angeles, CA, 91311",No_Match,,,,,
515,"9125  - 9125  BALLARD DR , Los Angeles, CA, 91311",No_Match,,,,,
516,"9120  - 9120  BALLARD DR , Los Angeles, CA, 91311",No_Match,,,,,
517,"9119  - 9119  BALLARD DR , Los Angeles, CA, 91311",No_Match,,,,,
518,"9106  - 9106  BALLARD DR , Los Angeles, CA, 91311",No_Match,,,,,
519,"21938  - 21938  WALTERS DR , Los Angeles, CA, 91311",No_Match,,,,,
520,"9109  - 9109  BALLARD DR , Los Angeles, CA, 91311",No_Match,,,,,
521,"9107  - 9107  BALLARD DR , Los Angeles, CA, 91311",No_Match,,,,,
522,"9105  - 9105  BALLARD DR , Los Angeles, CA, 91311",No_Match,,,,,
523,"19541  - 19543  EMPIRE LANE , Los Angeles, CA, 91324",No_Match,,,,,
524,"19548  - 19548  EMPIRE LANE , Los Angeles, CA, 91324",No_Match,,,,,
525,"19537  - 19539  EMPIRE LANE , Los Angeles, CA, 91324",No_Match,,,,,
526,"19530  - 19530  PRAIRIE ST , Los Angeles, CA, 91324",Match,Non_Exact,"19530 PRAIRIE ST, NORTHRIDGE, CA, 91324","-118.55868,34.239105",141540173,R
527,"19545  - 19549  EMPIRE LANE , Los Angeles, CA, 91324",No_Match,,,,,
528,"19601  - 19601  NORDHOFF ST , Los Angeles, CA, 91324",Match,Non_Exact,"19601 NORDHOFF ST, NORTHRIDGE, CA, 91324","-118.56014,34.235485",141540198,R
529,"19503  - 19507  ASTOR PL , Los Angeles, CA, 91324",No_Match,,,,,
530,"19530  - 19530  PRAIRIE ST , Los Angeles, CA, 91324",Match,Non_Exact,"19530 PRAIRIE ST, NORTHRIDGE, CA, 91324","-118.55868,34.239105",141540173,R
531,"19502  - 19506  ASTOR PL , Los Angeles, CA, 91324",No_Match,,,,,
532,"17570  - 17570  DEARBORN ST , Los Angeles, CA, 91325",Match,Non_Exact,"17570 DEARBORN ST, SHERWOOD FOREST, CA, 91325","-118.51754,34.237637",141543570,L
533,"17570  - 17570  DEARBORN ST , Los Angeles, CA, 91324",No_Match,,,,,
534,"8316  - 8316  LURLINE AVE , Los Angeles, CA, 91306",Match,Non_Exact,"8316 LURLINE AVE, CANOGA PARK, CA, 91306","-118.58414,34.220657",141533396,R
535,"20047  - 20047  LILA PL , Los Angeles, CA, 91306",No_Match,,,,,
536,"20060  - 20060  LILA PL , Los Angeles, CA, 91306",No_Match,,,,,
537,"20023  - 20023  DAMPA LANE , Los Angeles, CA, 91306",No_Match,,,,,
538,"8615  - 8615  PENFIELD AVE , Los Angeles, CA, 91306",Match,Non_Exact,"8615 PENFIELD AVE, CANOGA PARK, CA, 91306","-118.56886,34.22613",141540039,L
539,"20039  - 20039  LILA PL , Los Angeles, CA, 91306",No_Match,,,,,
540,"20048  - 20048  LILA PL , Los Angeles, CA, 91306",No_Match,,,,,
541,"8641  - 8641  LEILANI AVE , Los Angeles, CA, 91306",No_Match,,,,,
542,"20033  - 20033  LINNEA CT , Los Angeles, CA, 91306",No_Match,,,,,
543,"8645  - 8645  LEILANI AVE , Los Angeles, CA, 91306",No_Match,,,,,
544,"20040  - 20040  DAMPA LANE , Los Angeles, CA, 91306",No_Match,,,,,
545,"8648  - 8648  WINNETKA AVE , Los Angeles, CA, 91306",Match,Non_Exact,"8648 WINNETKA AVE, CANOGA PARK, CA, 91306","-118.57104,34.226715",634245156,R
546,"20025  - 20025  LINNEA CT , Los Angeles, CA, 91306",No_Match,,,,,
547,"20017  - 20017  DAMPA LANE , Los Angeles, CA, 91306",No_Match,,,,,
548,"8656  - 8656  WINNETKA AVE , Los Angeles, CA, 91306",Match,Non_Exact,"8656 WINNETKA AVE, CANOGA PARK, CA, 91306","-118.57104,34.226814",634245156,R
549,"20055  - 20055  LILA PL , Los Angeles, CA, 91306",No_Match,,,,,
550,"20029  - 20029  LINNEA CT , Los Angeles, CA, 91306",No_Match,,,,,
551,"20054  - 20054  LILA PL , Los Angeles, CA, 91306",No_Match,,,,,
552,"20055  - 20055  DAMPA LANE , Los Angeles, CA, 91306",No_Match,,,,,
553,"20047  - 20047  DAMPA LANE , Los Angeles, CA, 91306",No_Match,,,,,
554,"20018  - 20018  DAMPA LANE , Los Angeles, CA, 91306",No_Match,,,,,
555,"8621  - 8621  PENFIELD AVE , Los Angeles, CA, 91306",Match,Non_Exact,"8621 PENFIELD AVE, CANOGA PARK, CA, 91306","-118.56886,34.2262",141540039,L
556,"20043  - 20043  LILA PL , Los Angeles, CA, 91306",No_Match,,,,,
557,"8633  - 8633  PENFIELD AVE , Los Angeles, CA, 91306",Match,Non_Exact,"8633 PENFIELD AVE, CANOGA PARK, CA, 91306","-118.56886,34.22634",141540039,L
558,"20059  - 20059  LILA PL , Los Angeles, CA, 91306",No_Match,,,,,
559,"8639  - 8639  PENFIELD AVE , Los Angeles, CA, 91306",Match,Non_Exact,"8639 PENFIELD AVE, CANOGA PARK, CA, 91306","-118.56886,34.22641",141540039,L
560,"8627  - 8627  ADRIAN AVE , Los Angeles, CA, 91306",No_Match,,,,,
561,"20024  - 20024  DAMPA LANE , Los Angeles, CA, 91306",No_Match,,,,,
562,"20051  - 20051  LILA PL , Los Angeles, CA, 91306",No_Match,,,,,
563,"8627  - 8627  PENFIELD AVE , Los Angeles, CA, 91306",Match,Non_Exact,"8627 PENFIELD AVE, CANOGA PARK, CA, 91306","-118.56886,34.226273",141540039,L
564,"8642  - 8642  LEILANI AVE , Los Angeles, CA, 91306",No_Match,,,,,
565,"20021  - 20021  LINNEA CT , Los Angeles, CA, 91306",No_Match,,,,,
566,"20024  - 20024  LINNEA CT , Los Angeles, CA, 91306",No_Match,,,,,
567,"8611  - 8611  ADRIAN AVE , Los Angeles, CA, 91306",No_Match,,,,,
568,"8608  - 8608  RIVENDELL CT , Los Angeles, CA, 91306",No_Match,,,,,
569,"8610  - 8610  ADRIAN AVE , Los Angeles, CA, 91306",No_Match,,,,,
570,"8544  - 8544  WINNETKA AVE , Los Angeles, CA, 91306",Match,Non_Exact,"8544 WINNETKA AVE, CANOGA PARK, CA, 91306","-118.57104,34.225388",634245156,R
571,"8601  - 8601  RIVENDELL CT , Los Angeles, CA, 91306",No_Match,,,,,
572,"8612  - 8612  RIVENDELL CT , Los Angeles, CA, 91306",No_Match,,,,,
573,"20052  - 20052  BETZ DR , Los Angeles, CA, 91306",No_Match,,,,,
574,"20056  - 20056  BETZ DR , Los Angeles, CA, 91306",No_Match,,,,,
575,"8544  - 8544  WINNETKA AVE , Los Angeles, CA, 91306",Match,Non_Exact,"8544 WINNETKA AVE, CANOGA PARK, CA, 91306","-118.57104,34.225388",634245156,R
576,"20055  - 20055  BETZ DR , Los Angeles, CA, 91306",No_Match,,,,,
577,"8600  - 8600  RIVENDELL CT , Los Angeles, CA, 91306",No_Match,,,,,
578,"20046  - 20046  BETZ DR , Los Angeles, CA, 91306",No_Match,,,,,
579,"8604  - 8604  RIVENDELL CT , Los Angeles, CA, 91306",No_Match,,,,,
580,"6570  - 6570  WEST BLVD , Los Angeles, CA, 90043",Match,Exact,"6570 WEST BLVD, LOS ANGELES, CA, 90043","-118.33518,33.979298",141655095,L
581,"7103  - 7103 1/2 LA CIENEGA BLVD , Los Angeles, CA, 90045",No_Match,,,,,
582,"7105  - 7105 1/2 LA CIENEGA BLVD , Los Angeles, CA, 90045",No_Match,,,,,
583,"8139  - 8139  NAYLOR AVE , Los Angeles, CA, 90045",Match,Exact,"8139 NAYLOR AVE, LOS ANGELES, CA, 90045","-118.39539,33.964832",141579311,R
584,"8310  - 8310  ALTAVAN AVE , Los Angeles, CA, 90045",Match,Exact,"8310 ALTAVAN AVE, LOS ANGELES, CA, 90045","-118.419716,33.96302",141578594,L
585,"12424  - 12424  NORTH SEAGLASS CIR , Los Angeles, CA, 90094",No_Match,,,,,
586,"5815  - 5815  SEAHORSE CT , Los Angeles, CA, 90094",No_Match,,,,,
587,"12838  - 12838  NORTH SEAGLASS CIR , Los Angeles, CA, 90094",No_Match,,,,,
588,"5823  - 5823  SEAHORSE CT , Los Angeles, CA, 90094",No_Match,,,,,
589,"12873  - 12873  NORTH SEAGLASS CIR , Los Angeles, CA, 90094",No_Match,,,,,
590,"5826  - 5826  SEAHORSE CT , Los Angeles, CA, 90094",No_Match,,,,,
591,"5818  - 5818  SEAHORSE CT , Los Angeles, CA, 90094",No_Match,,,,,
592,"12834  - 12834  NORTH SEAGLASS CIR , Los Angeles, CA, 90094",No_Match,,,,,
593,"5849  - 5849  WEST SEAGLASS CIR , Los Angeles, CA, 90094",No_Match,,,,,
594,"12830  - 12830  NORTH SEAGLASS CIR , Los Angeles, CA, 90094",No_Match,,,,,
595,"12869  - 12869  NORTH SEAGLASS CIR , Los Angeles, CA, 90094",No_Match,,,,,
596,"12775  - 12775  BLUFF CREEK DR , Los Angeles, CA, 90094",No_Match,,,,,
597,"12755  - 12755  BLUFF CREEK DR , Los Angeles, CA, 90094",No_Match,,,,,
598,"12771  - 12771  SHELL PL , Los Angeles, CA, 90094",No_Match,,,,,
599,"5850  - 5850  MCCONNELL AVE , Los Angeles, CA, 90094",No_Match,,,,,
600,"12785  - 12785  BLUFF CREEK DR , Los Angeles, CA, 90094",No_Match,,,,,
601,"12735  - 12735  BLUFF CREEK DR , Los Angeles, CA, 90094",No_Match,,,,,
602,"12705  - 12705  BLUFF CREEK DR , Los Angeles, CA, 90094",No_Match,,,,,
603,"12715  - 12715  SEABEACH PL , Los Angeles, CA, 90094",No_Match,,,,,
604,"12725  - 12725  BLUFF CREEK DR , Los Angeles, CA, 90094",No_Match,,,,,
605,"5914  - 5914  FIREFLY PL , Los Angeles, CA, 90094",No_Match,,,,,
606,"5916  - 5916  VILLAGE DR , Los Angeles, CA, 90094",No_Match,,,,,
607,"5920  - 5920  VILLAGE DR , Los Angeles, CA, 90094",No_Match,,,,,
608,"5908  - 5908  VILLAGE DR , Los Angeles, CA, 90094",No_Match,,,,,
609,"5908  - 5908  VILLAGE DR , Los Angeles, CA, 90094",No_Match,,,,,
610,"5922  - 5922  FIREFLY PL , Los Angeles, CA, 90094",No_Match,,,,,
611,"5900  - 5900  VILLAGE DR , Los Angeles, CA, 90094",No_Match,,,,,
612,"12695  - 12695  BLUFF CREEK DR , Los Angeles, CA, 90094",No_Match,,,,,
613,"5902  - 5902  FIREFLY PL , Los Angeles, CA, 90094",No_Match,,,,,
614,"5906  - 5906  FIREFLY PL , Los Angeles, CA, 90094",No_Match,,,,,
615,"5912  - 5912  VILLAGE DR , Los Angeles, CA, 90094",No_Match,,,,,
616,"5924  - 5924  VILLAGE DR , Los Angeles, CA, 90094",No_Match,,,,,
617,"5918  - 5918  FIREFLY PL , Los Angeles, CA, 90094",No_Match,,,,,
618,"5926  - 5926  FIREFLY PL , Los Angeles, CA, 90094",No_Match,,,,,
619,"5912  - 5912  VILLAGE DR , Los Angeles, CA, 90094",No_Match,,,,,
620,"5910  - 5910  FIREFLY PL , Los Angeles, CA, 90094",No_Match,,,,,
621,"12655  - 12655  BLUFF CREEK DR , Los Angeles, CA, 90094",No_Match,,,,,
622,"12780  - 12780  AURORA PL , Los Angeles, CA, 90094",No_Match,,,,,
623,"12780  - 12780  AURORA PL , Los Angeles, CA, 90094",No_Match,,,,,
624,"12780  - 12780  AURORA PL , Los Angeles, CA, 90094",No_Match,,,,,
625,"5837  - 5837  VILLAGE DR , Los Angeles, CA, 90094",No_Match,,,,,
626,"5837  - 5837  VILLAGE DR , Los Angeles, CA, 90094",No_Match,,,,,
627,"12765  - 12765  BLUFF CREEK DR , Los Angeles, CA, 90094",No_Match,,,,,
628,"12763  - 12763  SHELL PL , Los Angeles, CA, 90094",No_Match,,,,,
629,"3714  - 3714  KELTON AVE , Los Angeles, CA, 90034",Match,Exact,"3714 KELTON AVE, LOS ANGELES, CA, 90034","-118.41304,34.01766",141573891,L
630,"1515  - 1515  GRANVILLE AVE , Los Angeles, CA, 90025",Match,Exact,"1515 GRANVILLE AVE, LOS ANGELES, CA, 90025","-118.4579,34.042557",141568439,R
631,"1746  - 1746  STONER AVE , Los Angeles, CA, 90025",Match,Exact,"1746 STONER AVE, LOS ANGELES, CA, 90025","-118.45438,34.040157",141568497,L
632,"1746  - 1746  STONER AVE , Los Angeles, CA, 90025",Match,Exact,"1746 STONER AVE, LOS ANGELES, CA, 90025","-118.45438,34.040157",141568497,L
633,"1746  - 1746  STONER AVE , Los Angeles, CA, 90025",Match,Exact,"1746 STONER AVE, LOS ANGELES, CA, 90025","-118.45438,34.040157",141568497,L
634,"1746  - 1746  STONER AVE , Los Angeles, CA, 90025",Match,Exact,"1746 STONER AVE, LOS ANGELES, CA, 90025","-118.45438,34.040157",141568497,L
635,"11847  - 11847  KIOWA AVE , Los Angeles, CA, 90049",Match,Exact,"11847 KIOWA AVE, LOS ANGELES, CA, 90049","-118.46487,34.04917",141567106,R
636,"2311  - 2311  BEVERWIL DR , Los Angeles, CA, 90034",Match,Exact,"2311 BEVERWIL DR, LOS ANGELES, CA, 90034","-118.3986,34.043125",141574537,R
637,"10205  - 10205  CENTURY WOODS DR , Los Angeles, CA, 90067",Match,Exact,"10205 CENTURY WOODS DR, LOS ANGELES, CA, 90067","-118.415665,34.05462",142445375,L
638,"10207  - 10207  CENTURY WOODS DR , Los Angeles, CA, 90067",Match,Exact,"10207 CENTURY WOODS DR, LOS ANGELES, CA, 90067","-118.41566,34.054634",142445375,L
639,"10203  - 10203  CENTURY WOODS DR , Los Angeles, CA, 90067",Match,Exact,"10203 CENTURY WOODS DR, LOS ANGELES, CA, 90067","-118.41567,34.054607",142445375,L
640,"10209  - 10209  CENTURY WOODS DR , Los Angeles, CA, 90067",Match,Exact,"10209 CENTURY WOODS DR, LOS ANGELES, CA, 90067","-118.41564,34.054646",142445375,L
641,"10202  - 10202  CENTURY WOODS DR , Los Angeles, CA, 90067",Match,Exact,"10202 CENTURY WOODS DR, LOS ANGELES, CA, 90067","-118.41569,34.05461",142445375,R
642,"10201  - 10201  CENTURY WOODS DR , Los Angeles, CA, 90067",Match,Exact,"10201 CENTURY WOODS DR, LOS ANGELES, CA, 90067","-118.41568,34.054592",142445375,L
643,"1819  - 1819  KELTON AVE , Los Angeles, CA, 90025",Match,Exact,"1819 KELTON AVE, LOS ANGELES, CA, 90025","-118.438484,34.04854",141567911,R
644,"1070  - 1070  HOLT AVE , Los Angeles, CA, 90035",Match,Non_Exact,"1070 S HOLT AVE, LOS ANGELES, CA, 90035","-118.37829,34.05783",141573077,L
645,"105  - 105  DOHENY DR , Los Angeles, CA, 90048",Tie,,,,,
646,"10471  - 10471  SANDAL LANE , Los Angeles, CA, 90077",Match,Non_Exact,"10471 SANDALL LN, LOS ANGELES, CA, 90077","-118.4456,34.099384",142445326,R
647,"2450  - 2450  SUMMITRIDGE DR , Los Angeles, CA, 90210",Match,Non_Exact,"2450 SUMMITRIDGE DR, BEVERLY HILLS, CA, 90210","-118.422165,34.117653",141790036,R
648,"2450  - 2450  SUMMITRIDGE DR , Los Angeles, CA, 90210",Match,Non_Exact,"2450 SUMMITRIDGE DR, BEVERLY HILLS, CA, 90210","-118.422165,34.117653",141790036,R
649,"2450  - 2450  SUMMITRIDGE DR , Los Angeles, CA, 90210",Match,Non_Exact,"2450 SUMMITRIDGE DR, BEVERLY HILLS, CA, 90210","-118.422165,34.117653",141790036,R
650,"2450  - 2450  SUMMITRIDGE DR , Los Angeles, CA, 90210",Match,Non_Exact,"2450 SUMMITRIDGE DR, BEVERLY HILLS, CA, 90210","-118.422165,34.117653",141790036,R
651,"11953  - 11953  SUNSET BLVD , Los Angeles, CA, 90049",Match,Exact,"11953 SUNSET BLVD, LOS ANGELES, CA, 90049","-118.47362,34.062218",141566774,R
652,"15213  - 15213  DE PAUW ST , Los Angeles, CA, 90272",Match,Non_Exact,"15213 DE PAUW ST, PACIFIC PALISADES, CA, 90272","-118.525345,34.037727",142815972,R
653,"1046  - 1046  GALLOWAY ST , Los Angeles, CA, 90272",Match,Non_Exact,"1046 GALLOWAY ST, PACIFIC PALISADES, CA, 90272","-118.52132,34.048214",141557879,R
654,"2804  - 2804  ELLENDALE PL , Los Angeles, CA, 90007",Match,Exact,"2804 ELLENDALE PL, LOS ANGELES, CA, 90007","-118.28881,34.0299",141607084,L
655,"5920  - 5920  SAWYER ST , Los Angeles, CA, 90035",Match,Exact,"5920 SAWYER ST, LOS ANGELES, CA, 90035","-118.37078,34.041492",634248715,L
656,"5940  - 5940  SAWYER ST , Los Angeles, CA, 90035",Match,Exact,"5940 SAWYER ST, LOS ANGELES, CA, 90035","-118.37155,34.04166",141600610,L
657,"982  - 982  CATALINA ST , Los Angeles, CA, 90006",Match,Non_Exact,"S CATALINA ST, LOS ANGELES, CA, 90006","-118.29475,34.053192",141605065,L
658,"1101  - 1101  HARVARD BLVD , Los Angeles, CA, 90006",Match,Non_Exact,"1101 S HARVARD BLVD, LOS ANGELES, CA, 90006","-118.30417,34.050705",642861577,R
659,"5512  - 5514  MAIN ST , Los Angeles, CA, 90011",No_Match,,,,,
660,"5512  - 5514  MAIN ST , Los Angeles, CA, 90011",No_Match,,,,,
661,"4129  - 4129  RAYNOL ST , Los Angeles, CA, 90032",Match,Exact,"4129 RAYNOL ST, LOS ANGELES, CA, 90032","-118.197174,34.083755",642861905,L
662,"4236  - 4236  GUARDIA AVE , Los Angeles, CA, 90032",Match,Exact,"4236 GUARDIA AVE, LOS ANGELES, CA, 90032","-118.167755,34.094883",624751208,R
663,"1511 1/4 - 1511 1/4 LAKE SHORE AVE , Los Angeles, CA, 90026",Match,Exact,"1501 LAKE SHORE AVE, LOS ANGELES, CA, 90026","-118.25849,34.08129",141616232,L
664,"1511 1/2 - 1511 1/2 LAKE SHORE AVE , Los Angeles, CA, 90026",Match,Exact,"1501 LAKE SHORE AVE, LOS ANGELES, CA, 90026","-118.25849,34.08129",141616232,L
665,"1513 1/2 - 1513 1/2 LAKE SHORE AVE , Los Angeles, CA, 90026",Match,Exact,"1501 LAKE SHORE AVE, LOS ANGELES, CA, 90026","-118.25849,34.08129",141616232,L
666,"1515 1/2 - 1515 1/2 LAKE SHORE AVE , Los Angeles, CA, 90026",Match,Exact,"1501 LAKE SHORE AVE, LOS ANGELES, CA, 90026","-118.25849,34.08129",141616232,L
667,"1641  - 1641  MORTON AVE , Los Angeles, CA, 90026",Match,Exact,"1641 MORTON AVE, LOS ANGELES, CA, 90026","-118.25329,34.08188",141616332,L
668,"1641  - 1641  MORTON AVE , Los Angeles, CA, 90026",Match,Exact,"1641 MORTON AVE, LOS ANGELES, CA, 90026","-118.25329,34.08188",141616332,L
669,"1641  - 1641  MORTON AVE , Los Angeles, CA, 90026",Match,Exact,"1641 MORTON AVE, LOS ANGELES, CA, 90026","-118.25329,34.08188",141616332,L
670,"1641  - 1641  MORTON AVE , Los Angeles, CA, 90026",Match,Exact,"1641 MORTON AVE, LOS ANGELES, CA, 90026","-118.25329,34.08188",141616332,L
671,"1641  - 1641  MORTON AVE , Los Angeles, CA, 90026",Match,Exact,"1641 MORTON AVE, LOS ANGELES, CA, 90026","-118.25329,34.08188",141616332,L
672,"1641  - 1641  MORTON AVE , Los Angeles, CA, 90026",Match,Exact,"1641 MORTON AVE, LOS ANGELES, CA, 90026","-118.25329,34.08188",141616332,L
673,"1641  - 1641  MORTON AVE , Los Angeles, CA, 90026",Match,Exact,"1641 MORTON AVE, LOS ANGELES, CA, 90026","-118.25329,34.08188",141616332,L
674,"1641  - 1641  MORTON AVE , Los Angeles, CA, 90026",Match,Exact,"1641 MORTON AVE, LOS ANGELES, CA, 90026","-118.25329,34.08188",141616332,L
675,"1641  - 1641  MORTON AVE , Los Angeles, CA, 90026",Match,Exact,"1641 MORTON AVE, LOS ANGELES, CA, 90026","-118.25329,34.08188",141616332,L
676,"1641  - 1641  MORTON AVE , Los Angeles, CA, 90026",Match,Exact,"1641 MORTON AVE, LOS ANGELES, CA, 90026","-118.25329,34.08188",141616332,L
677,"1641  - 1641  MORTON AVE , Los Angeles, CA, 90026",Match,Exact,"1641 MORTON AVE, LOS ANGELES, CA, 90026","-118.25329,34.08188",141616332,L
678,"1641  - 1641  MORTON AVE , Los Angeles, CA, 90026",Match,Exact,"1641 MORTON AVE, LOS ANGELES, CA, 90026","-118.25329,34.08188",141616332,L
679,"1641  - 1641  MORTON AVE , Los Angeles, CA, 90026",Match,Exact,"1641 MORTON AVE, LOS ANGELES, CA, 90026","-118.25329,34.08188",141616332,L
680,"1641  - 1641  MORTON AVE , Los Angeles, CA, 90026",Match,Exact,"1641 MORTON AVE, LOS ANGELES, CA, 90026","-118.25329,34.08188",141616332,L
681,"1641  - 1641  MORTON AVE , Los Angeles, CA, 90026",Match,Exact,"1641 MORTON AVE, LOS ANGELES, CA, 90026","-118.25329,34.08188",141616332,L
682,"1829  - 1829  SILENT ERA DR , Los Angeles, CA, 90026",No_Match,,,,,
683,"1835  - 1835  SILENT ERA DR , Los Angeles, CA, 90026",No_Match,,,,,
684,"2205  - 2205  TOM MIX RD , Los Angeles, CA, 90026",No_Match,,,,,
685,"1831  - 1831  SILENT ERA DR , Los Angeles, CA, 90026",No_Match,,,,,
686,"1833  - 1833  SILENT ERA DR , Los Angeles, CA, 90026",No_Match,,,,,
687,"1827  - 1827  SILENT ERA DR , Los Angeles, CA, 90026",No_Match,,,,,
688,"1837  - 1837  SILENT ERA DR , Los Angeles, CA, 90026",No_Match,,,,,
689,"1429 1/2 - 1429 1/2 WATERLOO ST , Los Angeles, CA, 90026",Match,Exact,"1401 WATERLOO ST, LOS ANGELES, CA, 90026","-118.264824,34.082043",141615897,L
690,"1429  - 1429  WATERLOO ST , Los Angeles, CA, 90026",Match,Exact,"1429 WATERLOO ST, LOS ANGELES, CA, 90026","-118.26443,34.082695",141615897,L
691,"1431 1/2 - 1431 1/2 WATERLOO ST , Los Angeles, CA, 90026",Match,Exact,"1401 WATERLOO ST, LOS ANGELES, CA, 90026","-118.264824,34.082043",141615897,L
692,"1433 1/2 - 1433 1/2 WATERLOO ST , Los Angeles, CA, 90026",Match,Exact,"1401 WATERLOO ST, LOS ANGELES, CA, 90026","-118.264824,34.082043",141615897,L
693,"1431  - 1431  WATERLOO ST , Los Angeles, CA, 90026",Match,Exact,"1431 WATERLOO ST, LOS ANGELES, CA, 90026","-118.2644,34.082745",141615897,L
694,"1425 1/2 - 1425 1/2 WATERLOO ST , Los Angeles, CA, 90026",Match,Exact,"1401 WATERLOO ST, LOS ANGELES, CA, 90026","-118.264824,34.082043",141615897,L
695,"1427 1/2 - 1427 1/2 WATERLOO ST , Los Angeles, CA, 90026",Match,Exact,"1401 WATERLOO ST, LOS ANGELES, CA, 90026","-118.264824,34.082043",141615897,L
696,"859 1/2 - 859 1/2 HYPERION AVE , Los Angeles, CA, 90029",Match,Exact,"801 HYPERION AVE, LOS ANGELES, CA, 90029","-118.283516,34.0861",141604554,L
697,"853 1/2 - 853 1/2 HYPERION AVE , Los Angeles, CA, 90029",Match,Exact,"801 HYPERION AVE, LOS ANGELES, CA, 90029","-118.283516,34.0861",141604554,L
698,"859  - 859  HYPERION AVE , Los Angeles, CA, 90029",Match,Exact,"859 HYPERION AVE, LOS ANGELES, CA, 90029","-118.28286,34.08715",141604554,L
699,"855  - 855  HYPERION AVE , Los Angeles, CA, 90029",Match,Exact,"855 HYPERION AVE, LOS ANGELES, CA, 90029","-118.282906,34.08708",141604554,L
700,"857  - 857  HYPERION AVE , Los Angeles, CA, 90029",Match,Exact,"857 HYPERION AVE, LOS ANGELES, CA, 90029","-118.28288,34.087116",141604554,L
701,"855 1/2 - 855 1/2 HYPERION AVE , Los Angeles, CA, 90029",Match,Exact,"801 HYPERION AVE, LOS ANGELES, CA, 90029","-118.283516,34.0861",141604554,L
702,"857 1/2 - 857 1/2 HYPERION AVE , Los Angeles, CA, 90029",Match,Exact,"801 HYPERION AVE, LOS ANGELES, CA, 90029","-118.283516,34.0861",141604554,L
703,"1304  - 1304  TULAROSA DR , Los Angeles, CA, 90026",Match,Exact,"1304 TULAROSA DR, LOS ANGELES, CA, 90026","-118.27862,34.085888",640413685,R
704,"1302  - 1302  TULAROSA DR , Los Angeles, CA, 90026",Match,Exact,"1302 TULAROSA DR, LOS ANGELES, CA, 90026","-118.278625,34.085876",640413685,R
705,"1314  - 1314  TULAROSA DR , Los Angeles, CA, 90026",Match,Exact,"1314 TULAROSA DR, LOS ANGELES, CA, 90026","-118.27859,34.08594",640413685,R
706,"1300  - 1300  TULAROSA DR , Los Angeles, CA, 90026",Match,Exact,"1300 TULAROSA DR, LOS ANGELES, CA, 90026","-118.27863,34.08587",640413685,R
707,"1308  - 1308  TULAROSA DR , Los Angeles, CA, 90026",Match,Exact,"1308 TULAROSA DR, LOS ANGELES, CA, 90026","-118.2786,34.08591",640413685,R
708,"1306  - 1306  TULAROSA DR , Los Angeles, CA, 90026",Match,Exact,"1306 TULAROSA DR, LOS ANGELES, CA, 90026","-118.27861,34.0859",640413685,R
709,"1312  - 1312  TULAROSA DR , Los Angeles, CA, 90026",Match,Exact,"1312 TULAROSA DR, LOS ANGELES, CA, 90026","-118.278595,34.085934",640413685,R
710,"3426  - 3426  FERNWOOD AVE , Los Angeles, CA, 90039",Match,Exact,"3426 FERNWOOD AVE, LOS ANGELES, CA, 90039","-118.27268,34.09706",640421427,L
711,"3426  - 3426  FERNWOOD AVE , Los Angeles, CA, 90039",Match,Exact,"3426 FERNWOOD AVE, LOS ANGELES, CA, 90039","-118.27268,34.09706",640421427,L
712,"2928  - 2928  ROWENA AVE , Los Angeles, CA, 90027",Match,Non_Exact,"2928 ROWENA AVE, LOS ANGELES, CA, 90039","-118.268456,34.10839",141610521,L
713,"2922  - 2922  ROWENA AVE , Los Angeles, CA, 90027",Match,Non_Exact,"2922 ROWENA AVE, LOS ANGELES, CA, 90039","-118.26838,34.108368",141610521,L
714,"2580  - 2580  CHAUCER ST , Los Angeles, CA, 90065",No_Match,,,,,
715,"2581  - 2581  CHAUCER ST , Los Angeles, CA, 90065",No_Match,,,,,
716,"2581  - 2581  CHAUCER ST , Los Angeles, CA, 90065",No_Match,,,,,
717,"2580  - 2580  CHAUCER ST , Los Angeles, CA, 90065",No_Match,,,,,
718,"2700  - 2700  CHAUCER ST , Los Angeles, CA, 90065",No_Match,,,,,
719,"2700  - 2700  CHAUCER ST , Los Angeles, CA, 90065",No_Match,,,,,
720,"2700  - 2700  CHAUCER ST , Los Angeles, CA, 90065",No_Match,,,,,
721,"2700  - 2700  CHAUCER ST , Los Angeles, CA, 90065",No_Match,,,,,
722,"2700  - 2700  CHAUCER ST , Los Angeles, CA, 90065",No_Match,,,,,
723,"2700  - 2700  CHAUCER ST , Los Angeles, CA, 90065",No_Match,,,,,
724,"2700  - 2700  CHAUCER ST , Los Angeles, CA, 90065",No_Match,,,,,
725,"2700  - 2700  CHAUCER ST , Los Angeles, CA, 90065",No_Match,,,,,
726,"2700  - 2700  CHAUCER ST , Los Angeles, CA, 90065",No_Match,,,,,
727,"2700  - 2700  CHAUCER ST , Los Angeles, CA, 90065",No_Match,,,,,
728,"2700  - 2700  CHAUCER ST , Los Angeles, CA, 90065",No_Match,,,,,
729,"2700  - 2700  CHAUCER ST , Los Angeles, CA, 90065",No_Match,,,,,
730,"2700  - 2700  CHAUCER ST , Los Angeles, CA, 90065",No_Match,,,,,
731,"2700  - 2700  CHAUCER ST , Los Angeles, CA, 90065",No_Match,,,,,
732,"2700  - 2700  CHAUCER ST , Los Angeles, CA, 90065",No_Match,,,,,
733,"2700  - 2700  CHAUCER ST , Los Angeles, CA, 90065",No_Match,,,,,
734,"2700  - 2700  CHAUCER ST , Los Angeles, CA, 90065",No_Match,,,,,
735,"2700  - 2700  CHAUCER ST , Los Angeles, CA, 90065",No_Match,,,,,
736,"2700  - 2700  CHAUCER ST , Los Angeles, CA, 90065",No_Match,,,,,
737,"5109  - 5109  ECHO ST , Los Angeles, CA, 90042",Match,Exact,"5109 ECHO ST, LOS ANGELES, CA, 90042","-118.1995,34.1048",141614273,L
738,"132  - 132  BOEING LANE , Los Angeles, CA, 90042",No_Match,,,,,
739,"130  - 130  BOEING LANE , Los Angeles, CA, 90042",No_Match,,,,,
740,"126  - 126  BOEING LANE , Los Angeles, CA, 90042",No_Match,,,,,
741,"5103  - 5103  ECHO ST , Los Angeles, CA, 90042",Match,Exact,"5103 ECHO ST, LOS ANGELES, CA, 90042","-118.19955,34.10478",141614273,L
742,"133  - 133  BOEING LANE , Los Angeles, CA, 90042",No_Match,,,,,
743,"129  - 129  BOEING LANE , Los Angeles, CA, 90042",No_Match,,,,,
744,"127  - 127  BOEING LANE , Los Angeles, CA, 90042",No_Match,,,,,
745,"5053  - 5053  ECHO ST , Los Angeles, CA, 90042",Match,Exact,"5053 ECHO ST, LOS ANGELES, CA, 90042","-118.20046,34.104324",141614264,L
746,"133  - 133  CESSNA LANE , Los Angeles, CA, 90042",No_Match,,,,,
747,"129  - 129  CESSNA LANE , Los Angeles, CA, 90042",No_Match,,,,,
748,"5409  - 5409  ECHO ST , Los Angeles, CA, 90042",No_Match,,,,,
749,"127  - 127  CESSNA LANE , Los Angeles, CA, 90042",No_Match,,,,,
750,"132  - 132  BEECH LANE , Los Angeles, CA, 90042",No_Match,,,,,
751,"130  - 130  BEECH LANE , Los Angeles, CA, 90042",No_Match,,,,,
752,"126  - 126  BEECH LANE , Los Angeles, CA, 90042",No_Match,,,,,
753,"133  - 133  BEECH LANE , Los Angeles, CA, 90042",No_Match,,,,,
754,"129  - 129  BEECH LANE , Los Angeles, CA, 90042",No_Match,,,,,
755,"127  - 127  BEECH LANE , Los Angeles, CA, 90042",No_Match,,,,,
756,"1543  - 1543  VERBENA WAY , Los Angeles, CA, 90041",No_Match,,,,,
757,"1553  - 1553  VERBENA WAY , Los Angeles, CA, 90041",No_Match,,,,,
758,"1551  - 1551  VERBENA WAY , Los Angeles, CA, 90041",No_Match,,,,,
759,"1559  - 1559  VERBENA WAY , Los Angeles, CA, 90041",No_Match,,,,,
760,"1554  - 1554  CHIA WAY , Los Angeles, CA, 90041",No_Match,,,,,
761,"1540  - 1540  CHIA WAY , Los Angeles, CA, 90041",No_Match,,,,,
762,"1556  - 1556  CHIA WAY , Los Angeles, CA, 90041",No_Match,,,,,
763,"1557  - 1557  VERBENA WAY , Los Angeles, CA, 90041",No_Match,,,,,
764,"1549  - 1549  VERBENA WAY , Los Angeles, CA, 90041",No_Match,,,,,
765,"1545  - 1545  VERBENA WAY , Los Angeles, CA, 90041",No_Match,,,,,
766,"1555  - 1555  VERBENA WAY , Los Angeles, CA, 90041",No_Match,,,,,
767,"1542  - 1542  CHIA WAY , Los Angeles, CA, 90041",No_Match,,,,,
768,"1548  - 1548  CHIA WAY , Los Angeles, CA, 90041",No_Match,,,,,
769,"1546  - 1546  CHIA WAY , Los Angeles, CA, 90041",No_Match,,,,,
770,"1544  - 1544  CHIA WAY , Los Angeles, CA, 90041",No_Match,,,,,
771,"1552  - 1552  CHIA WAY , Los Angeles, CA, 90041",No_Match,,,,,
772,"1558  - 1558  CHIA WAY , Los Angeles, CA, 90041",No_Match,,,,,
773,"1550  - 1550  CHIA WAY , Los Angeles, CA, 90041",No_Match,,,,,
774,"1547  - 1547  VERBENA WAY , Los Angeles, CA, 90041",No_Match,,,,,
775,"1410  - 1410  PRISM DR , Los Angeles, CA, 90041",No_Match,,,,,
776,"1548  - 1548  MERCURY DR , Los Angeles, CA, 90042",No_Match,,,,,
777,"1501  - 1501  MERCURY DR , Los Angeles, CA, 90042",No_Match,,,,,
778,"1516  - 1516  MERCURY DR , Los Angeles, CA, 90042",No_Match,,,,,
779,"1542  - 1542  MERCURY DR , Los Angeles, CA, 90042",No_Match,,,,,
780,"1549  - 1549  MERCURY DR , Los Angeles, CA, 90042",No_Match,,,,,
781,"1536  - 1536  MERCURY DR , Los Angeles, CA, 90042",No_Match,,,,,
782,"1508  - 1508  MERCURY DR , Los Angeles, CA, 90042",No_Match,,,,,
783,"1528  - 1528  MERCURY DR , Los Angeles, CA, 90042",No_Match,,,,,
784,"1522  - 1522  MERCURY DR , Los Angeles, CA, 90042",No_Match,,,,,
785,"418  - 418  NORTON AVE , Los Angeles, CA, 90004",Match,Non_Exact,"N NORTON AVE, LOS ANGELES, CA, 90004","-118.31703,34.078983",141603043,R
786,"855  - 855  CHEROKEE AVE , Los Angeles, CA, 90038",Match,Non_Exact,"N CHEROKEE AVE, LOS ANGELES, CA, 90038","-118.33523,34.08629",141599762,L
787,"7192  - 7192  FORMOSA FUSION CT , Los Angeles, CA, 90046",No_Match,,,,,
788,"7193  - 7193  FORMOSA FUSION CT , Los Angeles, CA, 90046",No_Match,,,,,
789,"7195  - 7195  FORMOSA FUSION CT , Los Angeles, CA, 90046",No_Match,,,,,
790,"7191  - 7191  FORMOSA FUSION CT , Los Angeles, CA, 90046",No_Match,,,,,
791,"7196  - 7196  FORMOSA FUSION CT , Los Angeles, CA, 90046",No_Match,,,,,
792,"7190  - 7190  FORMOSA FUSION CT , Los Angeles, CA, 90046",No_Match,,,,,
793,"7194  - 7194  FORMOSA FUSION CT , Los Angeles, CA, 90046",No_Match,,,,,
794,"7199  - 7199  FORMOSA FUSION CT , Los Angeles, CA, 90046",No_Match,,,,,
795,"7197  - 7197  FORMOSA FUSION CT , Los Angeles, CA, 90046",No_Match,,,,,
796,"7198  - 7198  FORMOSA FUSION CT , Los Angeles, CA, 90046",No_Match,,,,,
797,"833  - 833  EDINBURGH AVE , Los Angeles, CA, 90046",Match,Non_Exact,"N EDINBURGH AVE, LOS ANGELES, CA, 90046","-118.36377,34.086105",141598144,L
798,"7077  - 7077  WILLOUGHBY AVE , Los Angeles, CA, 90038",Match,Exact,"7077 WILLOUGHBY AVE, LOS ANGELES, CA, 90038","-118.34246,34.087086",141599509,R
799,"6724  - 6724  HEPBURN WAY , Los Angeles, CA, 90038",No_Match,,,,,
800,"816  - 816  JUNE ST , Los Angeles, CA, 90038",Match,Non_Exact,"N JUNE ST, LOS ANGELES, CA, 90038","-118.334175,34.08569",141599765,R
801,"816  - 816  JUNE ST , Los Angeles, CA, 90038",Match,Non_Exact,"N JUNE ST, LOS ANGELES, CA, 90038","-118.334175,34.08569",141599765,R
802,"816  - 816  JUNE ST , Los Angeles, CA, 90038",Match,Non_Exact,"N JUNE ST, LOS ANGELES, CA, 90038","-118.334175,34.08569",141599765,R
803,"816  - 816  JUNE ST , Los Angeles, CA, 90038",Match,Non_Exact,"N JUNE ST, LOS ANGELES, CA, 90038","-118.334175,34.08569",141599765,R
804,"816  - 816  JUNE ST , Los Angeles, CA, 90038",Match,Non_Exact,"N JUNE ST, LOS ANGELES, CA, 90038","-118.334175,34.08569",141599765,R
805,"816  - 816  JUNE ST , Los Angeles, CA, 90038",Match,Non_Exact,"N JUNE ST, LOS ANGELES, CA, 90038","-118.334175,34.08569",141599765,R
806,"816  - 816  JUNE ST , Los Angeles, CA, 90038",Match,Non_Exact,"N JUNE ST, LOS ANGELES, CA, 90038","-118.334175,34.08569",141599765,R
807,"816  - 816  JUNE ST , Los Angeles, CA, 90038",Match,Non_Exact,"N JUNE ST, LOS ANGELES, CA, 90038","-118.334175,34.08569",141599765,R
808,"816  - 816  JUNE ST , Los Angeles, CA, 90038",Match,Non_Exact,"N JUNE ST, LOS ANGELES, CA, 90038","-118.334175,34.08569",141599765,R
809,"816  - 816  JUNE ST , Los Angeles, CA, 90038",Match,Non_Exact,"N JUNE ST, LOS ANGELES, CA, 90038","-118.334175,34.08569",141599765,R
810,"1238 1/2 - 1238 1/2 GORDON ST , Los Angeles, CA, 90038",Match,Exact,"1200 GORDON ST, LOS ANGELES, CA, 90038","-118.32008,34.092728",141602862,R
811,"1244  - 1244  GORDON ST , Los Angeles, CA, 90038",Match,Exact,"1244 GORDON ST, LOS ANGELES, CA, 90038","-118.32009,34.09341",141602862,R
812,"1246 1/2 - 1246 1/2 GORDON ST , Los Angeles, CA, 90038",Match,Exact,"1200 GORDON ST, LOS ANGELES, CA, 90038","-118.32008,34.092728",141602862,R
813,"1240 1/2 - 1240 1/2 GORDON ST , Los Angeles, CA, 90038",Match,Exact,"1200 GORDON ST, LOS ANGELES, CA, 90038","-118.32008,34.092728",141602862,R
814,"1242 1/2 - 1242 1/2 GORDON ST , Los Angeles, CA, 90038",Match,Exact,"1200 GORDON ST, LOS ANGELES, CA, 90038","-118.32008,34.092728",141602862,R
815,"1246  - 1246  GORDON ST , Los Angeles, CA, 90038",Match,Exact,"1246 GORDON ST, LOS ANGELES, CA, 90038","-118.32009,34.093445",141602862,R
816,"1244 1/2 - 1244 1/2 GORDON ST , Los Angeles, CA, 90038",Match,Exact,"1200 GORDON ST, LOS ANGELES, CA, 90038","-118.32008,34.092728",141602862,R
817,"1146  - 1152  BEACHWOOD DR , Los Angeles, CA, 90038",Match,Non_Exact,"1146 N BEACHWOOD DR, LOS ANGELES, CA, 90038","-118.321175,34.09163",141602877,R
818,"1146  - 1152  BEACHWOOD DR , Los Angeles, CA, 90038",Match,Non_Exact,"1146 N BEACHWOOD DR, LOS ANGELES, CA, 90038","-118.321175,34.09163",141602877,R
819,"1146  - 1152  BEACHWOOD DR , Los Angeles, CA, 90038",Match,Non_Exact,"1146 N BEACHWOOD DR, LOS ANGELES, CA, 90038","-118.321175,34.09163",141602877,R
820,"1146  - 1152  BEACHWOOD DR , Los Angeles, CA, 90038",Match,Non_Exact,"1146 N BEACHWOOD DR, LOS ANGELES, CA, 90038","-118.321175,34.09163",141602877,R
821,"1146  - 1152  BEACHWOOD DR , Los Angeles, CA, 90038",Match,Non_Exact,"1146 N BEACHWOOD DR, LOS ANGELES, CA, 90038","-118.321175,34.09163",141602877,R
822,"1146  - 1152  BEACHWOOD DR , Los Angeles, CA, 90038",Match,Non_Exact,"1146 N BEACHWOOD DR, LOS ANGELES, CA, 90038","-118.321175,34.09163",141602877,R
823,"1146  - 1152  BEACHWOOD DR , Los Angeles, CA, 90038",Match,Non_Exact,"1146 N BEACHWOOD DR, LOS ANGELES, CA, 90038","-118.321175,34.09163",141602877,R
824,"1146  - 1152  BEACHWOOD DR , Los Angeles, CA, 90038",Match,Non_Exact,"1146 N BEACHWOOD DR, LOS ANGELES, CA, 90038","-118.321175,34.09163",141602877,R
825,"1146  - 1152  BEACHWOOD DR , Los Angeles, CA, 90038",Match,Non_Exact,"1146 N BEACHWOOD DR, LOS ANGELES, CA, 90038","-118.321175,34.09163",141602877,R
826,"1258  - 1258  GOWER ST , Los Angeles, CA, 90038",Match,Non_Exact,"1258 N GOWER ST, LOS ANGELES, CA, 90038","-118.32227,34.093636",141602848,R
827,"6086  - 6086  FOUNTAIN AVE , Los Angeles, CA, 90038",Match,Non_Exact,"6086 FOUNTAIN AVE, LOS ANGELES, CA, 90028","-118.32196,34.094383",141602847,L
828,"6090  - 6090  FOUNTAIN AVE , Los Angeles, CA, 90038",Match,Non_Exact,"6090 FOUNTAIN AVE, LOS ANGELES, CA, 90028","-118.32204,34.094383",141602847,L
829,"1262  - 1262  GOWER ST , Los Angeles, CA, 90038",Match,Non_Exact,"1262 N GOWER ST, LOS ANGELES, CA, 90038","-118.32227,34.093697",141602848,R
830,"6088  - 6088  FOUNTAIN AVE , Los Angeles, CA, 90038",Match,Non_Exact,"6088 FOUNTAIN AVE, LOS ANGELES, CA, 90028","-118.322,34.094383",141602847,L
831,"6080  - 6080  FOUNTAIN AVE , Los Angeles, CA, 90038",Match,Non_Exact,"6080 FOUNTAIN AVE, LOS ANGELES, CA, 90028","-118.321846,34.094383",141602847,L
832,"1260  - 1260  GOWER ST , Los Angeles, CA, 90038",Match,Non_Exact,"1260 N GOWER ST, LOS ANGELES, CA, 90038","-118.32227,34.093666",141602848,R
833,"6082  - 6082  FOUNTAIN AVE , Los Angeles, CA, 90038",Match,Non_Exact,"6082 FOUNTAIN AVE, LOS ANGELES, CA, 90028","-118.321884,34.094383",141602847,L
834,"1256  - 1256  GOWER ST , Los Angeles, CA, 90038",Match,Non_Exact,"1256 N GOWER ST, LOS ANGELES, CA, 90038","-118.32227,34.0936",141602848,R
835,"1264  - 1264  GOWER ST , Los Angeles, CA, 90038",Match,Non_Exact,"1264 N GOWER ST, LOS ANGELES, CA, 90038","-118.32227,34.09373",141602848,R
836,"6084  - 6084  FOUNTAIN AVE , Los Angeles, CA, 90038",Match,Non_Exact,"6084 FOUNTAIN AVE, LOS ANGELES, CA, 90028","-118.32192,34.094383",141602847,L
837,"5634  - 5634  CIELO WAY , Los Angeles, CA, 90028",No_Match,,,,,
838,"5628  - 5628  CIELO WAY , Los Angeles, CA, 90028",No_Match,,,,,
839,"5630  - 5630  CIELO WAY , Los Angeles, CA, 90028",No_Match,,,,,
840,"5632  - 5632  CIELO WAY , Los Angeles, CA, 90028",No_Match,,,,,
841,"5640  - 5640  CIELO WAY , Los Angeles, CA, 90028",No_Match,,,,,
842,"5638  - 5638  CIELO WAY , Los Angeles, CA, 90028",No_Match,,,,,
843,"5636  - 5636  CIELO WAY , Los Angeles, CA, 90028",No_Match,,,,,
844,"1338  - 1338  GORDON ST , Los Angeles, CA, 90028",Match,Exact,"1338 GORDON ST, LOS ANGELES, CA, 90028","-118.3201,34.095276",141602855,R
845,"6117  - 6117  FOUNTAIN AVE , Los Angeles, CA, 90028",Match,Exact,"6117 FOUNTAIN AVE, LOS ANGELES, CA, 90028","-118.32285,34.094387",141602844,R
846,"1825  - 1825  LAS PALMAS AVE , Los Angeles, CA, 90028",Match,Non_Exact,"1825 N LAS PALMAS AVE, LOS ANGELES, CA, 90028","-118.33619,34.104458",141594772,L
847,"6685  - 6685  DAYCHAR DR , Los Angeles, CA, 90028",No_Match,,,,,
848,"6683  - 6683  DAYCHAR DR , Los Angeles, CA, 90028",No_Match,,,,,
849,"6681  - 6681  DAYCHAR DR , Los Angeles, CA, 90028",No_Match,,,,,
850,"6687  - 6687  DAYCHAR DR , Los Angeles, CA, 90028",No_Match,,,,,
851,"2774  - 2774  WRIGHT LANE , Los Angeles, CA, 90068",No_Match,,,,,
852,"6738  - 6738  GILL WAY , Los Angeles, CA, 90068",No_Match,,,,,
853,"2776  - 2776  WRIGHT LANE , Los Angeles, CA, 90068",No_Match,,,,,
854,"6747  - 6747  GILL WAY , Los Angeles, CA, 90068",No_Match,,,,,
855,"2780  - 2780  WRIGHT LANE , Los Angeles, CA, 90068",No_Match,,,,,
856,"6744  - 6744  GILL WAY , Los Angeles, CA, 90068",No_Match,,,,,
857,"6743  - 6743  GILL WAY , Los Angeles, CA, 90068",No_Match,,,,,
858,"2778  - 2778  WRIGHT LANE , Los Angeles, CA, 90068",No_Match,,,,,
859,"6754  - 6754  GILL WAY , Los Angeles, CA, 90068",No_Match,,,,,
860,"6740  - 6740  GILL WAY , Los Angeles, CA, 90068",No_Match,,,,,
861,"6742  - 6742  GILL WAY , Los Angeles, CA, 90068",No_Match,,,,,
862,"6746  - 6746  GILL WAY , Los Angeles, CA, 90068",No_Match,,,,,
863,"6752  - 6752  GILL WAY , Los Angeles, CA, 90068",No_Match,,,,,
864,"6749  - 6749  GILL WAY , Los Angeles, CA, 90068",No_Match,,,,,
865,"6750  - 6750  GILL WAY , Los Angeles, CA, 90068",No_Match,,,,,
866,"6748  - 6748  GILL WAY , Los Angeles, CA, 90068",No_Match,,,,,
867,"1350  - 1350  FAIRFAX AVE , Los Angeles, CA, 90046",Match,Non_Exact,"1350 N FAIRFAX AVE, LOS ANGELES, CA, 90046","-118.36152,34.09543",642861880,R
868,"1358  - 1358  FAIRFAX AVE , Los Angeles, CA, 90046",Match,Non_Exact,"1358 N FAIRFAX AVE, LOS ANGELES, CA, 90046","-118.36153,34.095554",642861880,R
869,"1360  - 1360  FAIRFAX AVE , Los Angeles, CA, 90046",Match,Non_Exact,"1360 N FAIRFAX AVE, LOS ANGELES, CA, 90046","-118.36153,34.09559",642861880,R
870,"1350 1/2 - 1350 1/2 FAIRFAX AVE , Los Angeles, CA, 90046",Match,Non_Exact,"1312 N FAIRFAX AVE, LOS ANGELES, CA, 90046","-118.36152,34.09543",642861880,R
871,"1356  - 1356  FAIRFAX AVE , Los Angeles, CA, 90046",Match,Non_Exact,"1356 N FAIRFAX AVE, LOS ANGELES, CA, 90046","-118.36153,34.095524",642861880,R
872,"1354  - 1354  FAIRFAX AVE , Los Angeles, CA, 90046",Match,Non_Exact,"1354 N FAIRFAX AVE, LOS ANGELES, CA, 90046","-118.36153,34.095493",642861880,R
873,"8149  - 8149  WILLOW GLEN ROAD , Los Angeles, CA, 90046",Match,Exact,"8149 WILLOW GLEN RD, LOS ANGELES, CA, 90046","-118.373505,34.116405",642865582,R
874,"4643  - 4645  VERDUGO ROAD , Los Angeles, CA, 91205",Match,Non_Exact,"4643 VERDUGO RD, LOS ANGELES, CA, 90065","-118.233536,34.134113",642864290,L
875,"341  - 343  73RD ST , Los Angeles, CA, 90003",Match,Non_Exact,"341 E 73RD ST, LOS ANGELES, CA, 90003","-118.2686,33.973854",141670434,L
876,"9547  - 9547  COMPTON AVE , Los Angeles, CA, 90002",Match,Exact,"9547 COMPTON AVE, LOS ANGELES, CA, 90002","-118.24615,33.94957",141672517,R
877,"2100  - 2106  99TH PL , Los Angeles, CA, 90002",Match,Non_Exact,"2100 E 99TH PL, LOS ANGELES, CA, 90002","-118.23534,33.94712",142761424,R
878,"9911  - 9919  KALMIA ST , Los Angeles, CA, 90002",No_Match,,,,,
879,"9910  - 9918  JUNIPER ST , Los Angeles, CA, 90002",No_Match,,,,,
880,"2101  - 2107  CENTURY BLVD , Los Angeles, CA, 90002",No_Match,,,,,
881,"2270  - 2298  99TH PL , Los Angeles, CA, 90002",Match,Non_Exact,"2270 E 99TH PL, LOS ANGELES, CA, 90002","-118.23209,33.947155",141672886,R
882,"9920  - 9930  KALMIA ST , Los Angeles, CA, 90002",No_Match,,,,,
883,"2131  - 2139  CENTURY BLVD , Los Angeles, CA, 90002",No_Match,,,,,
884,"2236  - 2268  99TH PL , Los Angeles, CA, 90002",Match,Non_Exact,"2236 E 99TH PL, LOS ANGELES, CA, 90002","-118.233284,33.94715",141672886,R
885,"2185  - 2219  CENTURY BLVD , Los Angeles, CA, 90002",No_Match,,,,,
886,"9900  - 9908  JUNIPER ST , Los Angeles, CA, 90002",No_Match,,,,,
887,"151  - 151  102ND ST , Los Angeles, CA, 90003",Tie,,,,,
888,"151  - 153  102ND ST , Los Angeles, CA, 90003",Tie,,,,,
889,"155  - 157  102ND ST , Los Angeles, CA, 90003",Tie,,,,,
890,"155  - 157  102ND ST , Los Angeles, CA, 90003",Tie,,,,,
891,"724 - - 724 1/2 COLDEN AVE , Los Angeles, CA, 90044",Match,Non_Exact,"700 W COLDEN AVE, LOS ANGELES, CA, 90044","-118.28764,33.949142",141660105,L
892,"726 - - 726 1/2 COLDEN AVE , Los Angeles, CA, 90044",Match,Non_Exact,"700 W COLDEN AVE, LOS ANGELES, CA, 90044","-118.28768,33.949142",141660105,L
893,"1777  - 1777  108TH ST , Los Angeles, CA, 90059",Match,Non_Exact,"1777 E 108TH ST, LOS ANGELES, CA, 90059","-118.24109,33.937897",642863618,L
894,"10350  - 10350  KALMIA ST , Los Angeles, CA, 90002",Match,Exact,"10350 KALMIA ST, LOS ANGELES, CA, 90002","-118.231705,33.942375",141674396,L
895,"550  - 550  127TH ST , Los Angeles, CA, 90044",Match,Non_Exact,"W 127TH ST, LOS ANGELES, CA, 90044","-118.283806,33.91761",635897480,L
896,"1659  - 1659  221ST ST , Los Angeles, CA, 90501",Match,Non_Exact,"1659 221ST ST, TORRANCE, CA, 90501","-118.307846,33.826794",141668553,R
897,"20953  - 20953  NORMANDIE AVE , Los Angeles, CA, 90501",Match,Non_Exact,"20953 NORMANDIE AVE, TORRANCE, CA, 90501","-118.29956,33.839375",141668483,R
898,"20953  - 20953  NORMANDIE AVE , Los Angeles, CA, 90501",Match,Non_Exact,"20953 NORMANDIE AVE, TORRANCE, CA, 90501","-118.29956,33.839375",141668483,R
899,"20953  - 20953  NORMANDIE AVE , Los Angeles, CA, 90501",Match,Non_Exact,"20953 NORMANDIE AVE, TORRANCE, CA, 90501","-118.29956,33.839375",141668483,R
900,"20933  - 20933  NORMANDIE AVE , Los Angeles, CA, 90501",Match,Non_Exact,"20933 NORMANDIE AVE, TORRANCE, CA, 90501","-118.29956,33.839542",141668483,R
901,"20945  - 20945  NORMANDIE AVE , Los Angeles, CA, 90501",Match,Non_Exact,"20945 NORMANDIE AVE, TORRANCE, CA, 90501","-118.29956,33.839443",141668483,R
902,"20925  - 20925  NORMANDIE AVE , Los Angeles, CA, 90501",Match,Non_Exact,"20925 NORMANDIE AVE, TORRANCE, CA, 90501","-118.29956,33.83961",141668483,R
903,"20933  - 20933  NORMANDIE AVE , Los Angeles, CA, 90501",Match,Non_Exact,"20933 NORMANDIE AVE, TORRANCE, CA, 90501","-118.29956,33.839542",141668483,R
904,"419  - 419  HAWAIIAN AVE , Los Angeles, CA, 90744",Match,Non_Exact,"HAWAIIAN AVE, WILMINGTON, CA, 90744","-118.27632,33.773735",141689455,L
905,"415  - 415  HAWAIIAN AVE , Los Angeles, CA, 90744",Match,Non_Exact,"HAWAIIAN AVE, WILMINGTON, CA, 90744","-118.27632,33.773685",141689455,L
906,"417  - 417  HAWAIIAN AVE , Los Angeles, CA, 90744",Match,Non_Exact,"HAWAIIAN AVE, WILMINGTON, CA, 90744","-118.27632,33.77371",141689455,L
907,"419  - 419  HAWAIIAN AVE , Los Angeles, CA, 90744",Match,Non_Exact,"HAWAIIAN AVE, WILMINGTON, CA, 90744","-118.27632,33.773735",141689455,L
908,"421  - 421  HAWAIIAN AVE , Los Angeles, CA, 90744",Match,Non_Exact,"HAWAIIAN AVE, WILMINGTON, CA, 90744","-118.27633,33.773758",141689455,L
909,"310  - 310  HAWAIIAN AVE , Los Angeles, CA, 90744",Match,Non_Exact,"HAWAIIAN AVE, WILMINGTON, CA, 90744","-118.27619,33.772182",141689459,R
910,"322  - 322  HAWAIIAN AVE , Los Angeles, CA, 90744",Match,Non_Exact,"HAWAIIAN AVE, WILMINGTON, CA, 90744","-118.2762,33.77233",141689459,R
911,"340  - 340  HAWAIIAN AVE , Los Angeles, CA, 90744",Match,Non_Exact,"HAWAIIAN AVE, WILMINGTON, CA, 90744","-118.27622,33.772556",141689459,R
912,"1102  - 1102  D ST , Los Angeles, CA, 90744",No_Match,,,,,
913,"1116  - 1116  D ST , Los Angeles, CA, 90744",No_Match,,,,,
914,"1130  - 1130  D ST , Los Angeles, CA, 90744",No_Match,,,,,
915,"1130  - 1130  D ST , Los Angeles, CA, 90744",No_Match,,,,,
916,"315  - 315  WILMINGTON BLVD , Los Angeles, CA, 90744",No_Match,,,,,
917,"327  - 327  WILMINGTON BLVD , Los Angeles, CA, 90744",No_Match,,,,,
918,"307  - 307  WILMINGTON BLVD , Los Angeles, CA, 90744",No_Match,,,,,
919,"307  - 307  WILMINGTON BLVD , Los Angeles, CA, 90744",No_Match,,,,,
920,"327  - 327  WILMINGTON BLVD , Los Angeles, CA, 90744",No_Match,,,,,
921,"1002  - 1002  D ST , Los Angeles, CA, 90744",No_Match,,,,,
922,"1028  - 1028  D ST , Los Angeles, CA, 90744",No_Match,,,,,
923,"1016  - 1016  D ST , Los Angeles, CA, 90744",No_Match,,,,,
924,"1001  - 1001  D ST , Los Angeles, CA, 90744",No_Match,,,,,
925,"1027  - 1027  D ST , Los Angeles, CA, 90744",No_Match,,,,,
926,"1015  - 1015  D ST , Los Angeles, CA, 90744",No_Match,,,,,
927,"1002  - 1002  E ST , Los Angeles, CA, 90744",No_Match,,,,,
928,"1016  - 1016  E ST , Los Angeles, CA, 90744",No_Match,,,,,
929,"1028  - 1028  E ST , Los Angeles, CA, 90744",No_Match,,,,,
930,"1027  - 1027  E ST , Los Angeles, CA, 90744",Tie,,,,,
931,"1001  - 1001  E ST , Los Angeles, CA, 90744",Tie,,,,,
932,"1015  - 1015  E ST , Los Angeles, CA, 90744",Tie,,,,,
